Date,Day_of_Week,Month,Month_Name,Quarter,Week_of_Year,Is_Weekend,Holiday,Clinic_Type,Provider_Count,Available_Slots,Scheduled_Appointments,Completed_Appointments,Cancelled_Appointments,No_Shows,Walk_Ins,Patient_Volume,Average_Wait_Time,Capacity_Utilization,Revenue,Claims_Submitted,Claims_Denied,Staffing_Level
2023-01-01,Sunday,1,January,1,52,1,0,General OPD,8,144,70,76,5,5,16,76,46.2,52.8,2505.17,72,3,13
2023-01-02,Monday,1,January,1,1,0,0,Surgical OPD,8,128,100,105,6,10,21,105,54.9,82.0,3211.62,102,6,14
2023-01-03,Tuesday,1,January,1,1,0,0,Medicine,8,136,125,136,7,9,27,136,80.6,100.0,4951.87,123,7,14
2023-01-04,Wednesday,1,January,1,1,0,0,Pediatrics,8,136,98,106,4,7,19,106,51.2,77.9,3756.94,98,4,10
2023-01-05,Thursday,1,January,1,1,0,0,General OPD,8,144,86,88,4,5,11,88,43.1,61.1,2740.15,80,5,14
2023-01-06,Friday,1,January,1,1,0,0,General OPD,8,136,89,91,7,6,15,91,43.2,66.9,3537.35,81,5,12
2023-01-07,Saturday,1,January,1,1,1,0,General OPD,8,120,60,64,3,6,13,64,51.2,53.3,2095.44,59,3,13
2023-01-08,Sunday,1,January,1,1,1,0,Medicine,7,112,64,71,3,5,15,71,46.2,63.4,1857.32,65,2,9
2023-01-09,Monday,1,January,1,2,0,0,Pediatrics,9,153,101,98,6,11,14,98,41.0,64.1,3175.21,89,5,14
2023-01-10,Tuesday,1,January,1,2,0,0,Medicine,9,144,116,121,6,11,22,121,56.8,84.0,4122.44,110,7,11
2023-01-11,Wednesday,1,January,1,2,0,0,General OPD,8,120,95,102,6,7,20,102,53.0,85.0,3209.64,93,5,12
2023-01-12,Thursday,1,January,1,2,0,0,Surgical OPD,8,136,75,77,4,5,11,77,41.5,56.6,2337.26,75,5,14
2023-01-13,Friday,1,January,1,2,0,0,Medicine,8,144,101,100,6,10,15,100,50.8,69.4,3905.74,96,4,10
2023-01-14,Saturday,1,January,1,2,1,0,General OPD,8,128,69,77,3,5,16,77,52.7,60.2,2098.75,68,5,10
2023-01-15,Sunday,1,January,1,2,1,0,General OPD,10,150,75,82,3,7,17,82,43.1,54.7,1717.5,79,4,12
2023-01-16,Monday,1,January,1,3,0,0,General OPD,9,144,119,120,8,12,21,120,51.9,83.3,4617.15,113,6,13
2023-01-17,Tuesday,1,January,1,3,0,0,General OPD,8,136,124,137,5,8,26,137,73.4,100.7,3712.13,133,8,13
2023-01-18,Wednesday,1,January,1,3,0,0,Pediatrics,8,136,109,116,6,8,21,116,59.9,85.3,3579.01,106,7,12
2023-01-19,Thursday,1,January,1,3,0,0,Pediatrics,8,144,100,96,7,9,12,96,38.2,66.7,2927.07,89,5,10
2023-01-20,Friday,1,January,1,3,0,0,General OPD,9,135,105,103,4,9,11,103,47.1,76.3,3803.48,100,6,11
2023-01-21,Saturday,1,January,1,3,1,0,Pediatrics,9,135,46,54,3,4,15,54,37.1,40.0,2037.93,49,3,15
2023-01-22,Sunday,1,January,1,3,1,0,General OPD,9,162,83,83,5,4,9,83,32.5,51.2,2226.93,81,4,13
2023-01-23,Monday,1,January,1,4,0,0,General OPD,8,144,115,119,6,7,17,119,53.6,82.6,4453.89,115,7,12
2023-01-24,Tuesday,1,January,1,4,0,0,General OPD,8,120,136,142,11,8,25,142,95.5,118.3,5304.22,139,9,11
2023-01-25,Wednesday,1,January,1,4,0,0,Pediatrics,7,112,97,106,6,9,24,106,72.6,94.6,3400.21,97,7,12
2023-01-26,Thursday,1,January,1,4,0,0,Medicine,8,128,113,120,6,6,19,120,66.0,93.8,4287.62,108,6,11
2023-01-27,Friday,1,January,1,4,0,0,General OPD,9,162,85,89,4,8,16,89,48.6,54.9,3215.69,81,5,12
2023-01-28,Saturday,1,January,1,4,1,0,Pediatrics,8,128,63,68,4,5,14,68,42.3,53.1,2107.34,66,5,13
2023-01-29,Sunday,1,January,1,4,1,0,Pediatrics,8,120,59,64,3,5,13,64,50.9,53.3,2007.66,58,4,14
2023-01-30,Monday,1,January,1,5,0,0,General OPD,8,136,129,133,9,7,20,133,65.3,97.8,4569.52,125,6,14
2023-01-31,Tuesday,1,January,1,5,0,0,Pediatrics,9,153,119,117,7,9,14,117,60.5,76.5,2981.85,108,7,14
2023-02-01,Wednesday,2,February,1,5,0,0,General OPD,8,128,122,128,9,9,24,128,72.9,100.0,3914.85,118,8,13
2023-02-02,Thursday,2,February,1,5,0,0,General OPD,6,108,134,129,7,10,12,129,100.0,119.4,3508.61,116,6,10
2023-02-03,Friday,2,February,1,5,0,0,Surgical OPD,8,144,72,73,4,5,10,73,46.7,50.7,2751.68,68,4,12
2023-02-04,Saturday,2,February,1,5,1,0,Surgical OPD,9,162,53,63,3,4,17,63,21.2,38.9,1923.87,61,3,13
2023-02-05,Sunday,2,February,1,5,1,0,Medicine,9,162,67,69,4,5,11,69,39.6,42.6,2284.28,61,2,13
2023-02-06,Monday,2,February,1,6,0,0,General OPD,10,180,127,125,7,11,16,125,54.2,69.4,3890.79,121,6,12
2023-02-07,Tuesday,2,February,1,6,0,0,General OPD,8,128,147,149,14,7,23,149,100.0,116.4,4599.04,141,9,10
2023-02-08,Wednesday,2,February,1,6,0,0,Medicine,7,119,113,113,10,11,21,113,62.9,95.0,3711.36,106,5,13
2023-02-09,Thursday,2,February,1,6,0,0,Pediatrics,9,153,102,101,7,9,15,101,50.7,66.0,2936.82,95,5,11
2023-02-10,Friday,2,February,1,6,0,0,General OPD,9,144,105,104,7,6,12,104,51.5,72.2,3245.43,95,3,11
2023-02-11,Saturday,2,February,1,6,1,0,Pediatrics,9,162,88,94,5,7,18,94,46.3,58.0,2930.6,87,5,13
2023-02-12,Sunday,2,February,1,6,1,0,General OPD,9,144,97,104,5,8,20,104,55.5,72.2,3151.94,100,6,13
2023-02-13,Monday,2,February,1,7,0,0,Surgical OPD,9,153,100,112,6,5,23,112,56.7,73.2,3759.19,102,6,14
2023-02-14,Tuesday,2,February,1,7,0,0,General OPD,9,135,143,148,10,10,25,148,83.7,109.6,4471.38,137,6,13
2023-02-15,Wednesday,2,February,1,7,0,0,Medicine,9,144,105,108,8,7,18,108,53.1,75.0,4152.0,95,8,14
2023-02-16,Thursday,2,February,1,7,0,0,General OPD,9,162,143,148,11,8,24,148,64.5,91.4,5108.35,141,11,14
2023-02-17,Friday,2,February,1,7,0,0,Pediatrics,9,153,112,102,5,8,3,102,46.8,66.7,2713.48,94,4,11
2023-02-18,Saturday,2,February,1,7,1,0,Pediatrics,9,153,78,87,5,5,19,87,42.9,56.9,2975.71,81,6,13
2023-02-19,Sunday,2,February,1,7,1,0,General OPD,10,170,66,78,3,6,21,78,39.6,45.9,2280.88,70,5,12
2023-02-20,Monday,2,February,1,8,0,0,Surgical OPD,8,136,115,121,9,7,22,121,58.2,89.0,3937.67,118,6,12
2023-02-21,Tuesday,2,February,1,8,0,0,Medicine,9,162,120,125,7,10,22,125,57.2,77.2,3634.4,114,5,11
2023-02-22,Wednesday,2,February,1,8,0,0,Surgical OPD,9,135,99,108,6,4,19,108,60.3,80.0,2508.02,102,5,11
2023-02-23,Thursday,2,February,1,8,0,0,Surgical OPD,8,136,82,90,6,5,19,90,43.7,66.2,2872.18,84,7,10
2023-02-24,Friday,2,February,1,8,0,0,Pediatrics,8,128,110,104,11,7,12,104,61.1,81.2,2731.28,100,7,14
2023-02-25,Saturday,2,February,1,8,1,0,Surgical OPD,9,135,59,61,4,4,10,61,34.2,45.2,2054.41,55,3,11
2023-02-26,Sunday,2,February,1,8,1,0,General OPD,9,153,95,104,6,6,21,104,53.1,68.0,3400.71,99,5,12
2023-02-27,Monday,2,February,1,9,0,0,General OPD,9,135,137,149,7,8,27,149,94.6,110.4,4408.08,137,10,12
2023-02-28,Tuesday,2,February,1,9,0,0,General OPD,9,144,141,132,12,11,14,132,64.2,91.7,5187.88,122,8,12
2023-03-01,Wednesday,3,March,1,9,0,0,General OPD,9,153,119,131,7,10,29,131,52.9,85.6,3542.61,124,6,14
2023-03-02,Thursday,3,March,1,9,0,0,General OPD,9,144,135,125,12,9,11,125,55.6,86.8,3687.83,120,7,11
2023-03-03,Friday,3,March,1,9,0,0,General OPD,8,144,120,113,9,6,8,113,55.1,78.5,3109.45,107,5,11
2023-03-04,Saturday,3,March,1,9,1,0,Medicine,9,153,85,79,5,9,8,79,51.0,51.6,3173.06,77,4,14
2023-03-05,Sunday,3,March,1,9,1,0,General OPD,9,153,98,104,5,6,17,104,40.1,68.0,3890.53,94,5,12
2023-03-06,Monday,3,March,1,10,0,0,General OPD,9,153,137,138,9,6,16,138,63.3,90.2,3630.99,134,9,13
2023-03-07,Tuesday,3,March,1,10,0,0,Pediatrics,8,136,121,127,7,4,17,127,66.3,93.4,3644.6,113,6,14
2023-03-08,Wednesday,3,March,1,10,0,0,General OPD,10,180,144,140,10,10,16,140,50.7,77.8,4036.67,132,7,12
2023-03-09,Thursday,3,March,1,10,0,0,Medicine,9,153,127,124,10,8,15,124,54.0,81.0,3694.84,116,4,15
2023-03-10,Friday,3,March,1,10,0,0,General OPD,9,135,127,123,6,11,13,123,61.2,91.1,3422.95,114,7,15
2023-03-11,Saturday,3,March,1,10,1,0,Surgical OPD,9,153,56,66,4,4,18,66,43.6,43.1,1952.08,60,3,13
2023-03-12,Sunday,3,March,1,10,1,0,Medicine,9,162,98,106,7,7,22,106,54.1,65.4,3818.07,99,4,13
2023-03-13,Monday,3,March,1,11,0,0,General OPD,9,153,138,144,10,9,25,144,68.1,94.1,5729.42,129,9,13
2023-03-14,Tuesday,3,March,1,11,0,0,General OPD,10,150,132,134,7,12,21,134,60.9,89.3,3460.2,123,7,15
2023-03-15,Wednesday,3,March,1,11,0,0,Medicine,8,144,126,116,9,13,12,116,51.8,80.6,3228.93,103,3,11
2023-03-16,Thursday,3,March,1,11,0,0,Medicine,9,162,129,115,10,11,7,115,50.4,71.0,3778.24,108,5,11
2023-03-17,Friday,3,March,1,11,0,0,Medicine,9,135,113,114,8,7,16,114,65.2,84.4,2927.38,101,6,13
2023-03-18,Saturday,3,March,1,11,1,0,Medicine,9,135,68,74,4,6,16,74,42.1,54.8,2438.87,66,4,11
2023-03-19,Sunday,3,March,1,11,1,0,General OPD,9,135,109,108,9,7,15,108,49.8,80.0,3689.32,96,5,11
2023-03-20,Monday,3,March,1,12,0,0,General OPD,9,135,150,148,9,8,15,148,85.0,109.6,5150.79,136,3,11
2023-03-21,Tuesday,3,March,1,12,0,0,General OPD,9,135,156,157,8,9,18,157,99.1,116.3,5345.63,151,9,13
2023-03-22,Wednesday,3,March,1,12,0,0,Medicine,8,144,115,121,7,7,20,121,52.2,84.0,3612.94,117,8,12
2023-03-23,Thursday,3,March,1,12,0,1,Pediatrics,10,180,76,81,6,5,16,81,38.1,45.0,2533.14,72,5,13
2023-03-24,Friday,3,March,1,12,0,0,General OPD,9,153,107,104,8,11,16,104,51.0,68.0,2837.32,98,5,13
2023-03-25,Saturday,3,March,1,12,1,0,General OPD,9,153,87,87,6,5,11,87,40.4,56.9,2945.59,83,6,13
2023-03-26,Sunday,3,March,1,12,1,0,General OPD,9,144,80,83,6,7,16,83,35.1,57.6,3188.32,77,3,11
2023-03-27,Monday,3,March,1,13,0,0,General OPD,9,153,117,126,9,7,25,126,49.7,82.4,4264.95,119,5,12
2023-03-28,Tuesday,3,March,1,13,0,0,Medicine,9,153,137,136,9,5,13,136,56.8,88.9,3973.92,123,8,15
2023-03-29,Wednesday,3,March,1,13,0,0,Pediatrics,8,120,142,144,9,9,20,144,98.9,120.0,5181.0,134,10,12
2023-03-30,Thursday,3,March,1,13,0,0,Surgical OPD,10,150,99,95,8,9,13,95,46.7,63.3,3938.95,87,5,14
2023-03-31,Friday,3,March,1,13,0,0,Pediatrics,10,170,112,112,6,9,15,112,51.8,65.9,3692.93,100,4,16
2023-04-01,Saturday,4,April,2,13,1,0,General OPD,8,128,61,67,4,5,15,67,35.4,52.3,2292.6,63,3,10
2023-04-02,Sunday,4,April,2,13,1,0,Medicine,9,135,103,101,6,10,14,101,55.1,74.8,3505.79,94,4,12
2023-04-03,Monday,4,April,2,14,0,0,Medicine,8,136,125,128,10,6,19,128,65.8,94.1,3274.52,116,5,10
2023-04-04,Tuesday,4,April,2,14,0,0,Pediatrics,9,153,142,139,9,7,13,139,54.6,90.8,4219.42,129,8,14
2023-04-05,Wednesday,4,April,2,14,0,0,Medicine,9,162,107,119,7,3,22,119,51.1,73.5,3563.4,114,6,13
2023-04-06,Thursday,4,April,2,14,0,0,Pediatrics,10,160,123,118,11,10,16,118,57.8,73.8,4170.06,113,5,15
2023-04-07,Friday,4,April,2,14,0,0,Pediatrics,10,180,109,112,6,9,18,112,50.4,62.2,3905.83,106,5,14
2023-04-08,Saturday,4,April,2,14,1,0,Pediatrics,10,160,64,66,4,5,11,66,36.2,41.2,2080.13,61,1,15
2023-04-09,Sunday,4,April,2,14,1,0,General OPD,9,135,94,104,6,5,21,104,58.3,77.0,3089.27,98,6,15
2023-04-10,Monday,4,April,2,15,0,0,General OPD,8,128,133,134,10,6,17,134,81.8,104.7,3383.98,123,9,12
2023-04-11,Tuesday,4,April,2,15,0,0,General OPD,9,153,166,154,15,8,11,154,80.8,100.7,4918.51,137,7,13
2023-04-12,Wednesday,4,April,2,15,0,0,Pediatrics,9,153,117,123,7,6,19,123,45.9,80.4,3466.35,113,5,14
2023-04-13,Thursday,4,April,2,15,0,0,General OPD,8,128,149,139,8,15,13,139,79.5,108.6,3848.35,130,9,11
2023-04-14,Friday,4,April,2,15,0,0,Pediatrics,10,160,114,105,7,10,8,105,51.2,65.6,3749.03,99,6,15
2023-04-15,Saturday,4,April,2,15,1,0,Surgical OPD,10,160,76,83,5,5,17,83,49.1,51.9,2928.88,81,5,14
2023-04-16,Sunday,4,April,2,15,1,0,General OPD,9,162,98,106,7,7,22,106,49.5,65.4,3184.84,102,5,13
2023-04-17,Monday,4,April,2,16,0,0,General OPD,8,128,167,167,11,10,21,167,100.0,125.0,4295.88,149,9,11
2023-04-18,Tuesday,4,April,2,16,0,0,Medicine,8,120,123,124,11,9,21,124,74.9,103.3,3558.4,111,7,10
2023-04-19,Wednesday,4,April,2,16,0,0,General OPD,9,162,132,133,11,7,19,133,53.4,82.1,4784.41,118,5,12
2023-04-20,Thursday,4,April,2,16,0,0,General OPD,9,162,125,117,10,10,12,117,56.6,72.2,3962.89,112,6,11
2023-04-21,Friday,4,April,2,16,0,0,General OPD,10,160,132,126,13,7,14,126,51.7,78.8,3794.21,120,5,14
2023-04-22,Saturday,4,April,2,16,1,0,General OPD,9,135,101,92,8,8,7,92,53.9,68.1,2965.62,90,5,15
2023-04-23,Sunday,4,April,2,16,1,0,Surgical OPD,9,162,79,81,6,5,13,81,43.8,50.0,1919.76,76,3,15
2023-04-24,Monday,4,April,2,17,0,0,Medicine,9,153,117,119,9,7,18,119,61.6,77.8,2784.35,115,7,14
2023-04-25,Tuesday,4,April,2,17,0,0,Pediatrics,9,162,130,132,10,12,24,132,55.7,81.5,5267.92,124,9,12
2023-04-26,Wednesday,4,April,2,17,0,0,Medicine,9,144,124,124,9,9,18,124,57.4,86.1,4219.24,120,7,12
2023-04-27,Thursday,4,April,2,17,0,0,Medicine,9,135,140,142,9,9,20,142,87.0,105.2,4544.94,135,9,15
2023-04-28,Friday,4,April,2,17,0,0,General OPD,9,144,116,115,6,10,15,115,49.3,79.9,3497.4,109,4,11
2023-04-29,Saturday,4,April,2,17,1,0,Surgical OPD,9,153,68,71,4,3,10,71,36.7,46.4,1771.64,66,5,12
2023-04-30,Sunday,4,April,2,17,1,0,Pediatrics,9,153,87,93,6,8,20,93,37.0,60.8,3345.48,89,6,11
2023-05-01,Monday,5,May,2,18,0,1,Medicine,8,136,98,103,7,7,19,103,45.8,75.7,2827.6,95,5,10
2023-05-02,Tuesday,5,May,2,18,0,0,Surgical OPD,9,144,132,138,7,11,24,138,79.4,95.8,4804.71,123,7,11
2023-05-03,Wednesday,5,May,2,18,0,0,General OPD,10,180,132,141,8,6,23,141,56.7,78.3,4586.45,125,6,12
2023-05-04,Thursday,5,May,2,18,0,0,General OPD,9,144,136,137,9,9,19,137,62.0,95.1,4355.45,127,10,14
2023-05-05,Friday,5,May,2,18,0,0,General OPD,8,120,116,114,7,8,13,114,74.7,95.0,3054.12,107,7,13
2023-05-06,Saturday,5,May,2,18,1,0,Pediatrics,9,162,95,99,7,8,19,99,42.0,61.1,2657.54,88,4,15
2023-05-07,Sunday,5,May,2,18,1,0,Medicine,9,153,111,113,8,9,19,113,54.5,73.9,3792.25,103,7,14
2023-05-08,Monday,5,May,2,19,0,0,Medicine,8,128,141,145,8,9,21,145,94.8,113.3,4685.95,132,11,11
2023-05-09,Tuesday,5,May,2,19,0,0,General OPD,8,136,154,152,12,11,21,152,98.1,111.8,4892.68,142,9,13
2023-05-10,Wednesday,5,May,2,19,0,0,Pediatrics,9,153,127,123,10,11,17,123,51.5,80.4,4076.73,112,6,12
2023-05-11,Thursday,5,May,2,19,0,0,General OPD,8,120,138,137,9,9,17,137,89.0,114.2,3322.66,122,7,11
2023-05-12,Friday,5,May,2,19,0,0,General OPD,9,162,107,105,8,7,13,105,33.7,64.8,3786.36,94,6,11
2023-05-13,Saturday,5,May,2,19,1,0,General OPD,8,120,93,96,7,4,14,96,53.4,80.0,2935.33,86,4,14
2023-05-14,Sunday,5,May,2,19,1,0,General OPD,9,135,104,111,5,7,19,111,58.6,82.2,4071.32,107,5,11
2023-05-15,Monday,5,May,2,20,0,0,Surgical OPD,8,120,123,131,9,5,22,131,90.8,109.2,3139.64,119,8,10
2023-05-16,Tuesday,5,May,2,20,0,0,General OPD,9,153,147,159,8,10,30,159,86.1,103.9,5449.9,151,8,14
2023-05-17,Wednesday,5,May,2,20,0,0,Pediatrics,9,135,136,133,8,12,17,133,74.6,98.5,4553.7,125,10,14
2023-05-18,Thursday,5,May,2,20,0,0,Medicine,9,135,137,140,9,5,17,140,82.1,103.7,3647.77,137,10,12
2023-05-19,Friday,5,May,2,20,0,0,General OPD,9,162,115,111,4,11,11,111,49.2,68.5,3268.17,101,6,14
2023-05-20,Saturday,5,May,2,20,1,0,Surgical OPD,8,144,82,75,5,5,3,75,45.0,52.1,2082.15,67,3,13
2023-05-21,Sunday,5,May,2,20,1,0,Surgical OPD,10,150,87,90,7,6,16,90,40.3,60.0,3190.76,80,4,14
2023-05-22,Monday,5,May,2,21,0,0,General OPD,8,144,137,139,6,9,17,139,63.6,96.5,4619.74,126,6,11
2023-05-23,Tuesday,5,May,2,21,0,0,Pediatrics,9,162,137,143,10,6,22,143,56.2,88.3,5490.54,136,6,12
2023-05-24,Wednesday,5,May,2,21,0,0,General OPD,8,120,140,143,8,8,19,143,100.0,119.2,4692.09,127,9,12
2023-05-25,Thursday,5,May,2,21,0,0,General OPD,9,153,125,120,8,13,16,120,46.8,78.4,4191.48,109,5,12
2023-05-26,Friday,5,May,2,21,0,0,General OPD,9,135,114,112,6,6,10,112,52.2,83.0,4109.06,108,5,15
2023-05-27,Saturday,5,May,2,21,1,0,Pediatrics,9,162,92,93,6,4,11,93,40.8,57.4,3182.25,87,4,15
2023-05-28,Sunday,5,May,2,21,1,0,Pediatrics,8,136,108,112,8,8,20,112,59.0,82.4,3411.89,99,7,12
2023-05-29,Monday,5,May,2,22,0,0,General OPD,8,128,144,142,10,10,18,142,91.9,110.9,4220.07,126,7,13
2023-05-30,Tuesday,5,May,2,22,0,0,General OPD,8,136,153,149,9,10,15,149,87.4,109.6,4720.48,132,11,14
2023-05-31,Wednesday,5,May,2,22,0,0,Surgical OPD,10,180,124,128,7,9,20,128,52.3,71.1,4503.85,125,6,14
2023-06-01,Thursday,6,June,2,22,0,0,General OPD,9,153,107,111,6,9,19,111,53.0,72.5,3211.85,107,4,15
2023-06-02,Friday,6,June,2,22,0,0,General OPD,9,135,114,114,8,7,15,114,54.2,84.4,3945.38,110,7,11
2023-06-03,Saturday,6,June,2,22,1,0,Pediatrics,10,160,60,66,4,4,14,66,33.8,41.2,2197.17,64,4,14
2023-06-04,Sunday,6,June,2,22,1,0,Surgical OPD,8,128,70,81,5,6,22,81,54.2,63.3,2185.93,75,3,11
2023-06-05,Monday,6,June,2,23,0,0,General OPD,8,128,143,154,6,8,25,154,87.9,120.3,5299.78,139,10,14
2023-06-06,Tuesday,6,June,2,23,0,0,Medicine,8,144,160,166,10,5,21,166,90.4,115.3,5406.24,153,11,11
2023-06-07,Wednesday,6,June,2,23,0,0,Medicine,8,144,115,120,6,9,20,120,54.5,83.3,3575.75,114,7,12
2023-06-08,Thursday,6,June,2,23,0,0,General OPD,8,128,138,130,9,15,16,130,79.8,101.6,4226.26,126,7,14
2023-06-09,Friday,6,June,2,23,0,0,Medicine,8,136,135,130,7,10,12,130,75.2,95.6,3893.94,120,9,11
2023-06-10,Saturday,6,June,2,23,1,0,General OPD,9,144,89,94,6,7,18,94,56.7,65.3,3101.12,88,5,14
2023-06-11,Sunday,6,June,2,23,1,0,Pediatrics,8,136,109,112,6,7,16,112,54.6,82.4,3508.75,109,5,13
2023-06-12,Monday,6,June,2,24,0,0,Pediatrics,9,153,130,131,5,13,19,131,56.9,85.6,3390.32,117,4,11
2023-06-13,Tuesday,6,June,2,24,0,0,Pediatrics,9,162,132,126,9,9,12,126,54.8,77.8,3962.43,122,4,13
2023-06-14,Wednesday,6,June,2,24,0,0,General OPD,8,136,126,126,7,9,16,126,63.1,92.6,3808.89,113,7,11
2023-06-15,Thursday,6,June,2,24,0,0,Medicine,8,128,114,106,8,10,10,106,49.3,82.8,3661.49,98,5,10
2023-06-16,Friday,6,June,2,24,0,0,General OPD,8,144,102,104,4,6,12,104,50.0,72.2,3693.98,94,6,12
2023-06-17,Saturday,6,June,2,24,1,0,General OPD,8,120,92,90,5,5,8,90,55.5,75.0,2696.76,85,6,13
2023-06-18,Sunday,6,June,2,24,1,0,General OPD,10,150,94,100,5,8,19,100,46.8,66.7,2884.24,94,5,13
2023-06-19,Monday,6,June,2,25,0,0,Pediatrics,8,144,146,153,9,9,25,153,84.8,106.2,3867.75,140,11,14
2023-06-20,Tuesday,6,June,2,25,0,0,Medicine,8,128,121,131,5,7,22,131,68.5,102.3,3765.44,127,7,13
2023-06-21,Wednesday,6,June,2,25,0,0,General OPD,9,135,124,118,8,13,15,118,59.3,87.4,3623.42,112,6,15
2023-06-22,Thursday,6,June,2,25,0,0,Pediatrics,8,120,122,120,10,8,16,120,73.0,100.0,3197.15,114,7,14
2023-06-23,Friday,6,June,2,25,0,0,General OPD,9,153,117,121,7,9,20,121,47.2,79.1,4304.28,108,8,12
2023-06-24,Saturday,6,June,2,25,1,0,Pediatrics,8,136,77,86,4,6,19,86,49.7,63.2,2842.18,83,3,11
2023-06-25,Sunday,6,June,2,25,1,0,General OPD,9,144,87,90,3,5,11,90,55.4,62.5,2836.65,81,5,15
2023-06-26,Monday,6,June,2,26,0,0,Medicine,8,144,131,129,6,11,15,129,66.9,89.6,4119.4,116,6,10
2023-06-27,Tuesday,6,June,2,26,0,0,General OPD,9,144,140,136,8,11,15,136,73.3,94.4,4518.49,121,7,15
2023-06-28,Wednesday,6,June,2,26,0,0,Surgical OPD,8,144,112,114,6,7,15,114,57.2,79.2,3936.69,105,5,14
2023-06-29,Thursday,6,June,2,26,0,0,General OPD,10,150,137,133,9,11,16,133,64.1,88.7,4686.39,129,8,13
2023-06-30,Friday,6,June,2,26,0,0,General OPD,8,136,147,139,9,9,10,139,68.8,102.2,4276.12,126,10,12
2023-07-01,Saturday,7,July,3,26,1,0,General OPD,8,128,83,82,7,4,10,82,46.2,64.1,2577.45,75,6,13
2023-07-02,Sunday,7,July,3,26,1,0,Surgical OPD,7,112,76,90,3,4,21,90,56.7,80.4,2942.27,87,5,10
2023-07-03,Monday,7,July,3,27,0,0,Medicine,8,144,137,142,8,10,23,142,75.9,98.6,4440.19,134,7,10
2023-07-04,Tuesday,7,July,3,27,0,0,General OPD,8,144,156,155,6,10,15,155,90.9,107.6,5500.84,148,9,13
2023-07-05,Wednesday,7,July,3,27,0,0,Medicine,9,144,116,124,3,12,23,124,52.5,86.1,4576.75,112,7,12
2023-07-06,Thursday,7,July,3,27,0,0,Medicine,10,180,131,131,8,9,17,131,53.8,72.8,4372.29,125,6,13
2023-07-07,Friday,7,July,3,27,0,0,Pediatrics,8,128,103,105,6,6,14,105,49.6,82.0,2978.56,95,5,12
2023-07-08,Saturday,7,July,3,27,1,0,Pediatrics,7,112,79,81,3,6,11,81,49.5,72.3,2756.72,79,4,9
2023-07-09,Sunday,7,July,3,27,1,0,General OPD,8,128,96,102,5,5,16,102,53.6,79.7,3420.55,95,6,10
2023-07-10,Monday,7,July,3,28,0,0,General OPD,7,105,130,128,6,9,13,128,100.0,121.9,3588.07,122,9,10
2023-07-11,Tuesday,7,July,3,28,0,0,Surgical OPD,8,144,114,125,5,9,25,125,62.2,86.8,4191.3,111,6,12
2023-07-12,Wednesday,7,July,3,28,0,0,Surgical OPD,7,119,117,117,6,9,15,117,73.5,98.3,3489.32,106,7,10
2023-07-13,Thursday,7,July,3,28,0,0,Pediatrics,8,136,123,117,5,12,11,117,46.7,86.0,4093.17,105,8,14
2023-07-14,Friday,7,July,3,28,0,0,General OPD,9,162,122,112,5,14,9,112,51.3,69.1,3808.12,103,4,15
2023-07-15,Saturday,7,July,3,28,1,0,General OPD,8,128,89,98,4,7,20,98,51.1,76.6,3223.41,89,4,12
2023-07-16,Sunday,7,July,3,28,1,0,Medicine,8,136,84,85,5,8,14,85,53.1,62.5,2733.11,81,4,11
2023-07-17,Monday,7,July,3,29,0,0,Surgical OPD,8,136,115,124,2,14,25,124,69.8,91.2,2909.85,110,7,12
2023-07-18,Tuesday,7,July,3,29,0,0,Surgical OPD,6,108,120,130,6,6,22,130,95.8,120.4,3528.58,124,6,9
2023-07-19,Wednesday,7,July,3,29,0,0,Medicine,7,119,117,119,5,9,16,119,77.9,100.0,3745.74,105,8,10
2023-07-20,Thursday,7,July,3,29,0,0,Pediatrics,7,112,107,107,4,7,11,107,72.4,95.5,4074.3,96,6,13
2023-07-21,Friday,7,July,3,29,0,0,General OPD,9,162,128,121,6,11,10,121,54.3,74.7,4145.31,116,7,14
2023-07-22,Saturday,7,July,3,29,1,0,General OPD,8,128,103,103,5,8,13,103,56.2,80.5,4043.39,98,6,10
2023-07-23,Sunday,7,July,3,29,1,0,Surgical OPD,9,153,79,89,4,5,19,89,47.3,58.2,2877.54,83,4,11
2023-07-24,Monday,7,July,3,30,0,0,Pediatrics,6,102,147,149,6,11,19,149,100.0,125.0,4749.61,132,10,10
2023-07-25,Tuesday,7,July,3,30,0,0,General OPD,7,112,149,147,9,13,20,147,100.0,125.0,5541.97,138,10,9
2023-07-26,Wednesday,7,July,3,30,0,0,General OPD,8,120,136,140,5,7,16,140,91.3,116.7,4390.84,129,6,14
2023-07-27,Thursday,7,July,3,30,0,0,Medicine,8,136,133,130,5,8,10,130,73.4,95.6,3647.04,119,7,13
2023-07-28,Friday,7,July,3,30,0,0,General OPD,8,120,109,104,6,6,7,104,49.0,86.7,3459.77,98,5,11
2023-07-29,Saturday,7,July,3,30,1,0,General OPD,7,119,93,98,5,7,17,98,58.4,82.4,3576.03,91,6,10
2023-07-30,Sunday,7,July,3,30,1,0,Pediatrics,9,135,74,79,3,7,15,79,46.7,58.5,2267.0,70,6,15
2023-07-31,Monday,7,July,3,31,0,0,Medicine,8,120,121,133,2,5,19,133,76.8,110.8,4569.37,129,9,10
2023-08-01,Tuesday,8,August,3,31,0,0,Medicine,8,120,142,145,5,11,19,145,97.8,120.8,4585.92,139,13,11
2023-08-02,Wednesday,8,August,3,31,0,0,General OPD,7,112,150,152,8,8,18,152,100.0,125.0,5138.42,135,8,9
2023-08-03,Thursday,8,August,3,31,0,0,Medicine,8,120,119,118,7,10,16,118,65.6,98.3,3923.99,110,6,14
2023-08-04,Friday,8,August,3,31,0,0,General OPD,7,105,133,128,6,9,10,128,100.0,121.9,3883.88,114,8,10
2023-08-05,Saturday,8,August,3,31,1,0,General OPD,6,90,75,80,3,6,14,80,56.1,88.9,2526.02,77,5,10
2023-08-06,Sunday,8,August,3,31,1,0,Medicine,7,119,81,92,6,6,23,92,49.2,77.3,2814.01,87,4,12
2023-08-07,Monday,8,August,3,32,0,0,Pediatrics,7,105,120,122,5,11,18,122,100.0,116.2,3961.95,109,5,9
2023-08-08,Tuesday,8,August,3,32,0,0,Medicine,8,136,132,131,7,14,20,131,71.0,96.3,3748.65,116,7,10
2023-08-09,Wednesday,8,August,3,32,0,0,Medicine,6,90,113,125,4,6,22,125,100.0,125.0,3696.46,110,6,8
2023-08-10,Thursday,8,August,3,32,0,0,Pediatrics,8,120,131,140,5,7,21,140,95.3,116.7,4248.18,130,11,10
2023-08-11,Friday,8,August,3,32,0,0,General OPD,7,112,120,111,7,9,7,111,66.3,99.1,3725.92,106,7,13
2023-08-12,Saturday,8,August,3,32,1,0,General OPD,8,136,73,71,4,4,6,71,35.6,52.2,1869.99,63,3,14
2023-08-13,Sunday,8,August,3,32,1,0,General OPD,8,120,67,75,3,6,17,75,52.0,62.5,2367.86,68,4,14
2023-08-14,Monday,8,August,3,33,0,1,General OPD,7,119,95,104,2,9,20,104,60.0,87.4,3033.39,95,5,13
2023-08-15,Tuesday,8,August,3,33,0,0,Surgical OPD,8,136,114,127,5,7,25,127,62.9,93.4,3855.0,115,7,11
2023-08-16,Wednesday,8,August,3,33,0,0,General OPD,6,108,115,123,6,7,21,123,92.3,113.9,3611.2,113,7,12
2023-08-17,Thursday,8,August,3,33,0,0,Surgical OPD,8,128,83,88,4,6,15,88,52.3,68.8,2884.49,82,4,11
2023-08-18,Friday,8,August,3,33,0,0,Pediatrics,7,112,106,110,4,8,16,110,75.0,98.2,3450.87,104,7,11
2023-08-19,Saturday,8,August,3,33,1,0,Medicine,6,96,63,65,3,5,10,65,44.6,67.7,2265.02,63,3,12
2023-08-20,Sunday,8,August,3,33,1,0,Pediatrics,7,126,77,89,3,3,18,89,41.9,70.6,2991.02,87,5,11
2023-08-21,Monday,8,August,3,34,0,0,Pediatrics,6,108,108,114,4,6,16,114,80.0,105.6,2947.11,107,7,12
2023-08-22,Tuesday,8,August,3,34,0,0,Pediatrics,7,112,113,122,6,7,22,122,91.7,108.9,3435.52,116,6,11
2023-08-23,Wednesday,8,August,3,34,0,0,General OPD,7,126,129,129,6,7,13,129,82.3,102.4,4038.68,126,7,12
2023-08-24,Thursday,8,August,3,34,0,0,Medicine,8,144,101,104,4,3,10,104,52.5,72.2,3310.14,92,4,12
2023-08-25,Friday,8,August,3,34,0,0,General OPD,8,144,113,124,4,4,19,124,56.8,86.1,3535.6,109,6,11
2023-08-26,Saturday,8,August,3,34,1,0,General OPD,6,96,73,72,3,4,6,72,49.2,75.0,2679.54,64,4,8
2023-08-27,Sunday,8,August,3,34,1,0,Pediatrics,7,112,76,83,4,5,16,83,50.6,74.1,2943.08,78,3,11
2023-08-28,Monday,8,August,3,35,0,0,General OPD,8,128,121,129,8,8,24,129,79.9,100.8,3279.31,123,9,10
2023-08-29,Tuesday,8,August,3,35,0,0,Surgical OPD,8,144,108,127,6,6,31,127,65.3,88.2,4239.48,116,8,13
2023-08-30,Wednesday,8,August,3,35,0,0,Surgical OPD,8,128,109,116,4,9,20,116,61.9,90.6,3690.75,108,8,13
2023-08-31,Thursday,8,August,3,35,0,0,Surgical OPD,8,144,86,92,3,7,16,92,59.4,63.9,3401.75,86,2,11
2023-09-01,Friday,9,September,3,35,0,0,General OPD,7,105,129,126,5,10,12,126,100.0,120.0,3240.78,112,10,10
2023-09-02,Saturday,9,September,3,35,1,0,General OPD,7,126,86,93,4,6,17,93,49.5,73.8,3742.27,85,5,11
2023-09-03,Sunday,9,September,3,35,1,0,Surgical OPD,8,136,49,63,2,3,19,63,46.2,46.3,1803.58,56,3,14
2023-09-04,Monday,9,September,3,36,0,0,Pediatrics,7,112,104,112,5,6,19,112,64.8,100.0,3753.58,100,6,12
2023-09-05,Tuesday,9,September,3,36,0,0,Surgical OPD,7,112,96,116,2,4,26,116,81.9,103.6,3430.65,111,5,9
2023-09-06,Wednesday,9,September,3,36,0,0,Surgical OPD,7,119,98,103,5,7,17,103,57.9,86.6,3141.02,99,6,13
2023-09-07,Thursday,9,September,3,36,0,0,Medicine,7,126,107,101,5,9,8,101,61.3,80.2,2549.48,97,7,12
2023-09-08,Friday,9,September,3,36,0,0,General OPD,7,105,116,104,7,11,6,104,76.8,99.0,3825.9,99,6,11
2023-09-09,Saturday,9,September,3,36,1,0,General OPD,7,119,73,76,4,5,12,76,47.5,63.9,2350.03,73,3,12
2023-09-10,Sunday,9,September,3,36,1,0,Medicine,7,119,81,88,3,7,17,88,54.6,73.9,2745.02,83,3,10
2023-09-11,Monday,9,September,3,37,0,0,General OPD,6,108,148,161,8,4,25,161,100.0,125.0,6641.24,152,10,8
2023-09-12,Tuesday,9,September,3,37,0,0,General OPD,7,112,106,119,4,7,24,119,87.6,106.2,4264.69,113,6,9
2023-09-13,Wednesday,9,September,3,37,0,0,Pediatrics,7,126,103,113,2,7,19,113,55.4,89.7,3313.9,105,7,10
2023-09-14,Thursday,9,September,3,37,0,0,Surgical OPD,7,119,79,86,4,8,19,86,52.3,72.3,2542.07,79,6,13
2023-09-15,Friday,9,September,3,37,0,0,Medicine,7,119,120,118,4,10,12,118,74.2,99.2,3898.63,112,8,10
2023-09-16,Saturday,9,September,3,37,1,0,Pediatrics,7,112,41,44,2,3,8,44,26.9,39.3,1543.65,40,2,9
2023-09-17,Sunday,9,September,3,37,1,0,General OPD,7,112,58,61,4,4,11,61,42.9,54.5,2379.6,57,3,11
2023-09-18,Monday,9,September,3,38,0,0,Pediatrics,7,112,113,126,5,8,26,126,92.0,112.5,3221.52,116,8,13
2023-09-19,Tuesday,9,September,3,38,0,0,Surgical OPD,8,144,113,111,4,11,13,111,49.4,77.1,3874.8,101,4,13
2023-09-20,Wednesday,9,September,3,38,0,0,General OPD,6,96,121,128,7,4,18,128,100.0,125.0,4550.49,125,10,10
2023-09-21,Thursday,9,September,3,38,0,0,Pediatrics,9,153,92,108,4,7,27,108,52.2,70.6,3114.93,98,4,15
2023-09-22,Friday,9,September,3,38,0,0,Medicine,6,102,118,118,3,11,14,118,96.4,115.7,3605.96,107,9,8
2023-09-23,Saturday,9,September,3,38,1,0,Medicine,7,105,56,65,1,2,12,65,47.0,61.9,1656.11,58,3,9
2023-09-24,Sunday,9,September,3,38,1,0,Medicine,6,108,89,88,3,8,10,88,54.7,81.5,2639.69,85,6,10
2023-09-25,Monday,9,September,3,39,0,0,Medicine,7,105,111,126,6,6,27,126,97.2,120.0,4148.98,118,6,13
2023-09-26,Tuesday,9,September,3,39,0,0,General OPD,7,119,117,130,5,9,27,130,97.9,109.2,4988.94,122,9,12
2023-09-27,Wednesday,9,September,3,39,0,0,General OPD,7,105,122,132,5,7,22,132,100.0,125.0,5114.4,127,11,12
2023-09-28,Thursday,9,September,3,39,0,0,Medicine,8,136,91,96,2,8,15,96,45.4,70.6,2676.75,88,3,11
2023-09-29,Friday,9,September,3,39,0,0,Medicine,7,105,119,119,6,8,14,119,91.9,113.3,4501.94,107,7,11
2023-09-30,Saturday,9,September,3,39,1,0,Medicine,7,112,55,61,1,5,12,61,41.6,54.5,1476.36,55,3,13
2023-10-01,Sunday,10,October,4,39,1,0,Surgical OPD,6,90,53,60,2,4,13,60,46.4,66.7,1779.62,57,3,10
2023-10-02,Monday,10,October,4,40,0,0,Pediatrics,7,112,113,126,5,7,25,126,100.0,112.5,3879.89,119,7,12
2023-10-03,Tuesday,10,October,4,40,0,0,Pediatrics,8,128,105,115,3,9,22,115,56.6,89.8,3795.82,104,5,14
2023-10-04,Wednesday,10,October,4,40,0,0,Medicine,8,144,116,124,6,7,21,124,57.8,86.1,4020.83,111,7,10
2023-10-05,Thursday,10,October,4,40,0,0,Pediatrics,7,112,110,112,4,8,14,112,69.7,100.0,3747.83,100,7,9
2023-10-06,Friday,10,October,4,40,0,0,Medicine,7,112,83,89,2,6,14,89,51.1,79.5,2782.87,84,4,13
2023-10-07,Saturday,10,October,4,40,1,0,Medicine,7,105,72,75,4,6,13,75,58.8,71.4,2687.88,66,3,11
2023-10-08,Sunday,10,October,4,40,1,0,Surgical OPD,7,119,37,49,2,3,17,49,37.9,41.2,1703.6,43,3,11
2023-10-09,Monday,10,October,4,41,0,0,General OPD,7,126,116,123,6,8,21,123,73.3,97.6,3793.54,113,7,9
2023-10-10,Tuesday,10,October,4,41,0,0,General OPD,6,96,111,132,6,7,34,132,100.0,125.0,4668.78,125,5,8
2023-10-11,Wednesday,10,October,4,41,0,0,General OPD,7,126,126,139,3,6,22,139,85.8,110.3,5598.05,132,11,12
2023-10-12,Thursday,10,October,4,41,0,0,Pediatrics,6,90,111,122,6,8,25,122,100.0,125.0,3575.45,113,7,12
2023-10-13,Friday,10,October,4,41,0,0,General OPD,8,128,113,114,4,7,12,114,63.9,89.1,4411.95,108,6,12
2023-10-14,Saturday,10,October,4,41,1,0,Pediatrics,6,90,75,81,3,3,12,81,60.8,90.0,2402.95,76,5,11
2023-10-15,Sunday,10,October,4,41,1,0,Pediatrics,7,126,63,70,3,3,13,70,45.2,55.6,2634.89,68,3,11
2023-10-16,Monday,10,October,4,42,0,0,General OPD,8,120,115,126,4,12,27,126,82.6,105.0,3756.85,113,7,10
2023-10-17,Tuesday,10,October,4,42,0,0,Pediatrics,7,126,122,127,6,7,18,127,71.8,100.8,4452.96,119,9,13
2023-10-18,Wednesday,10,October,4,42,0,0,General OPD,7,105,108,119,5,10,26,119,89.8,113.3,3893.51,111,9,10
2023-10-19,Thursday,10,October,4,42,0,0,General OPD,8,144,111,110,5,7,11,110,63.7,76.4,2734.49,99,5,14
2023-10-20,Friday,10,October,4,42,0,0,Medicine,7,119,70,76,3,7,16,76,48.7,63.9,3014.33,73,5,10
2023-10-21,Saturday,10,October,4,42,1,0,General OPD,7,105,86,82,3,8,7,82,45.3,78.1,2330.29,74,5,12
2023-10-22,Sunday,10,October,4,42,1,0,General OPD,6,90,73,81,3,4,15,81,65.1,90.0,2180.65,74,5,9
2023-10-23,Monday,10,October,4,43,0,0,Pediatrics,6,102,93,107,4,3,21,107,87.6,104.9,3150.32,98,5,9
2023-10-24,Tuesday,10,October,4,43,0,0,Medicine,8,136,119,125,8,5,19,125,60.4,91.9,5265.62,113,9,13
2023-10-25,Wednesday,10,October,4,43,0,0,General OPD,7,105,116,120,7,7,18,120,90.6,114.3,3238.22,111,7,13
2023-10-26,Thursday,10,October,4,43,0,0,Pediatrics,8,136,90,92,3,9,14,92,55.7,67.6,3009.59,85,5,13
2023-10-27,Friday,10,October,4,43,0,0,General OPD,8,128,81,87,4,5,15,87,48.8,68.0,2393.14,83,4,10
2023-10-28,Saturday,10,October,4,43,1,0,General OPD,8,144,57,56,2,4,5,56,34.8,38.9,1578.82,54,3,10
2023-10-29,Sunday,10,October,4,43,1,0,Pediatrics,7,126,71,76,3,7,15,76,38.5,60.3,1945.78,68,3,10
2023-10-30,Monday,10,October,4,44,0,0,Pediatrics,7,126,111,124,5,8,26,124,78.4,98.4,4124.32,116,7,12
2023-10-31,Tuesday,10,October,4,44,0,0,Pediatrics,6,96,106,117,5,8,24,117,100.0,121.9,3668.55,113,8,11
2023-11-01,Wednesday,11,November,4,44,0,0,Medicine,6,102,127,137,3,11,24,137,95.4,125.0,3764.01,122,10,11
2023-11-02,Thursday,11,November,4,44,0,0,Surgical OPD,6,102,90,97,4,7,18,97,61.0,95.1,3442.8,90,7,12
2023-11-03,Friday,11,November,4,44,0,0,Pediatrics,7,105,97,94,4,7,8,94,59.1,89.5,3376.0,90,6,11
2023-11-04,Saturday,11,November,4,44,1,0,General OPD,8,136,59,69,2,4,16,69,35.5,50.7,2320.39,65,4,12
2023-11-05,Sunday,11,November,4,44,1,0,Medicine,6,90,64,73,3,5,17,73,49.9,81.1,2677.84,65,5,10
2023-11-06,Monday,11,November,4,45,0,0,General OPD,7,112,106,120,7,9,30,120,95.6,107.1,3672.48,110,7,13
2023-11-07,Tuesday,11,November,4,45,0,0,Pediatrics,6,108,112,120,6,11,25,120,92.4,111.1,3994.74,112,7,11
2023-11-08,Wednesday,11,November,4,45,0,0,General OPD,7,126,125,131,5,10,21,131,67.1,104.0,4011.14,128,8,11
2023-11-09,Thursday,11,November,4,45,0,0,General OPD,7,126,96,103,3,8,18,103,53.2,81.7,2674.98,92,5,12
2023-11-10,Friday,11,November,4,45,0,0,Surgical OPD,7,119,78,84,2,6,14,84,49.3,70.6,2761.67,82,3,10
2023-11-11,Saturday,11,November,4,45,1,0,Medicine,8,120,64,72,3,4,15,72,37.6,60.0,2349.7,66,4,12
2023-11-12,Sunday,11,November,4,45,1,0,Medicine,8,120,75,81,4,6,16,81,51.0,67.5,2582.22,73,4,11
2023-11-13,Monday,11,November,4,46,0,0,General OPD,6,96,124,130,6,11,23,130,96.0,125.0,4354.42,120,8,12
2023-11-14,Tuesday,11,November,4,46,0,0,General OPD,7,119,109,123,6,6,26,123,84.7,103.4,4630.66,116,5,9
2023-11-15,Wednesday,11,November,4,46,0,0,General OPD,7,112,106,121,3,5,23,121,92.2,108.0,3773.06,109,7,13
2023-11-16,Thursday,11,November,4,46,0,0,General OPD,8,120,128,133,6,8,19,133,100.0,110.8,3746.79,121,6,14
2023-11-17,Friday,11,November,4,46,0,0,Pediatrics,7,105,87,94,4,7,18,94,54.0,89.5,2914.85,91,6,13
2023-11-18,Saturday,11,November,4,46,1,0,Medicine,7,126,71,80,3,6,18,80,39.7,63.5,2516.21,78,4,11
2023-11-19,Sunday,11,November,4,46,1,0,Medicine,7,119,58,71,4,3,20,71,48.3,59.7,2551.34,65,4,10
2023-11-20,Monday,11,November,4,47,0,0,General OPD,6,90,120,128,5,3,16,128,100.0,125.0,4150.61,115,7,10
2023-11-21,Tuesday,11,November,4,47,0,0,Surgical OPD,8,144,92,99,4,6,17,99,53.0,68.8,2713.32,95,7,10
2023-11-22,Wednesday,11,November,4,47,0,0,Medicine,6,102,120,126,4,8,18,126,100.0,123.5,4437.95,118,9,12
2023-11-23,Thursday,11,November,4,47,0,0,Pediatrics,9,144,97,101,6,5,15,101,56.4,70.1,3492.63,90,4,14
2023-11-24,Friday,11,November,4,47,0,0,Pediatrics,8,136,97,106,3,6,18,106,54.1,77.9,3437.41,103,6,10
2023-11-25,Saturday,11,November,4,47,1,0,General OPD,8,136,75,67,3,7,2,67,39.1,49.3,2398.13,59,3,11
2023-11-26,Sunday,11,November,4,47,1,0,General OPD,8,120,70,73,5,5,13,73,38.5,60.8,2661.76,69,5,10
2023-11-27,Monday,11,November,4,48,0,0,General OPD,7,105,121,125,7,9,20,125,97.3,119.0,3811.28,115,7,11
2023-11-28,Tuesday,11,November,4,48,0,0,Medicine,8,136,100,106,5,7,18,106,52.3,77.9,3010.33,99,4,13
2023-11-29,Wednesday,11,November,4,48,0,0,General OPD,7,105,124,127,6,7,16,127,96.5,121.0,4057.97,114,8,11
2023-11-30,Thursday,11,November,4,48,0,0,General OPD,8,120,114,115,4,8,13,115,69.6,95.8,3926.84,109,8,14
2023-12-01,Friday,12,December,4,48,0,0,General OPD,7,105,103,98,5,8,8,98,61.3,93.3,3094.7,96,8,13
2023-12-02,Saturday,12,December,4,48,1,0,General OPD,7,126,61,65,3,3,10,65,46.8,51.6,1823.01,60,6,9
2023-12-03,Sunday,12,December,4,48,1,0,Medicine,7,126,70,81,4,7,22,81,49.1,64.3,2644.71,76,3,13
2023-12-04,Monday,12,December,4,49,0,0,Medicine,7,119,106,117,3,9,23,117,70.6,98.3,2792.32,106,6,13
2023-12-05,Tuesday,12,December,4,49,0,0,Pediatrics,8,120,100,114,5,6,25,114,69.7,95.0,3500.05,110,5,11
2023-12-06,Wednesday,12,December,4,49,0,0,General OPD,7,126,109,112,7,9,19,112,55.6,88.9,3965.32,109,6,10
2023-12-07,Thursday,12,December,4,49,0,0,Pediatrics,6,102,106,110,5,10,19,110,79.7,107.8,3918.39,105,10,10
2023-12-08,Friday,12,December,4,49,0,0,Pediatrics,8,120,87,92,5,6,16,92,49.3,76.7,1560.4,86,4,12
2023-12-09,Saturday,12,December,4,49,1,0,General OPD,9,144,60,68,3,4,15,68,38.3,47.2,2123.62,66,4,12
2023-12-10,Sunday,12,December,4,49,1,0,Pediatrics,8,120,66,71,3,6,14,71,45.3,59.2,2442.19,64,3,10
2023-12-11,Monday,12,December,4,50,0,0,General OPD,7,105,127,127,5,14,19,127,100.0,121.0,3466.55,118,7,10
2023-12-12,Tuesday,12,December,4,50,0,0,Pediatrics,7,126,103,118,4,7,26,118,60.5,93.7,3600.44,110,9,11
2023-12-13,Wednesday,12,December,4,50,0,0,Pediatrics,8,136,107,113,6,5,17,113,55.0,83.1,4161.89,105,4,13
2023-12-14,Thursday,12,December,4,50,0,0,General OPD,8,136,96,95,5,6,10,95,45.4,69.9,2856.02,91,5,14
2023-12-15,Friday,12,December,4,50,0,0,General OPD,7,126,85,82,6,7,10,82,30.3,65.1,3148.35,78,4,12
2023-12-16,Saturday,12,December,4,50,1,0,Pediatrics,8,120,62,74,4,3,19,74,61.1,61.7,2148.61,66,4,13
2023-12-17,Sunday,12,December,4,50,1,0,Pediatrics,9,144,56,64,3,4,15,64,34.0,44.4,2408.93,59,3,15
2023-12-18,Monday,12,December,4,51,0,0,Medicine,8,120,122,128,7,9,22,128,79.7,106.7,4113.18,117,10,11
2023-12-19,Tuesday,12,December,4,51,0,0,Medicine,8,120,133,140,5,7,19,140,89.1,116.7,3988.14,131,6,10
2023-12-20,Wednesday,12,December,4,51,0,0,General OPD,7,112,123,127,7,11,22,127,86.5,113.4,4781.91,115,8,12
2023-12-21,Thursday,12,December,4,51,0,0,General OPD,9,162,104,106,6,9,17,106,46.5,65.4,2880.45,95,6,11
2023-12-22,Friday,12,December,4,51,0,0,Pediatrics,8,136,111,101,4,12,6,101,58.2,74.3,2910.43,95,6,12
2023-12-23,Saturday,12,December,4,51,1,0,General OPD,7,126,75,78,5,6,14,78,44.9,61.9,2648.85,75,3,12
2023-12-24,Sunday,12,December,4,51,1,0,Pediatrics,8,144,55,58,4,3,10,58,34.5,40.3,1874.75,56,4,12
2023-12-25,Monday,12,December,4,52,0,1,Surgical OPD,8,120,53,66,2,4,19,66,48.8,55.0,2184.33,64,4,11
2023-12-26,Tuesday,12,December,4,52,0,0,Pediatrics,8,136,129,134,6,11,22,134,70.5,98.5,4090.58,128,7,13
2023-12-27,Wednesday,12,December,4,52,0,0,General OPD,9,153,121,131,6,11,27,131,57.1,85.6,3563.52,117,5,13
2023-12-28,Thursday,12,December,4,52,0,0,Pediatrics,8,144,81,87,5,5,16,87,40.6,60.4,2557.01,84,3,12
2023-12-29,Friday,12,December,4,52,0,0,Pediatrics,8,128,80,80,5,4,9,80,54.6,62.5,2982.53,74,4,11
2023-12-30,Saturday,12,December,4,52,1,0,Pediatrics,8,144,73,77,4,4,12,77,47.3,53.5,2052.21,73,4,10
2023-12-31,Sunday,12,December,4,52,1,0,Surgical OPD,8,128,55,68,3,5,21,68,41.1,53.1,2623.3,63,3,10
2024-01-01,Monday,1,January,1,1,0,0,General OPD,7,119,136,138,5,11,18,138,93.0,116.0,4590.35,133,12,12
2024-01-02,Tuesday,1,January,1,1,0,0,Surgical OPD,9,162,109,122,7,6,26,122,51.7,75.3,3612.76,113,6,12
2024-01-03,Wednesday,1,January,1,1,0,0,Surgical OPD,8,120,103,107,6,7,17,107,60.8,89.2,2567.12,95,6,13
2024-01-04,Thursday,1,January,1,1,0,0,General OPD,8,144,119,116,6,8,11,116,46.5,80.6,2844.0,109,6,10
2024-01-05,Friday,1,January,1,1,0,0,General OPD,9,153,99,100,4,5,10,100,52.8,65.4,3057.65,90,7,12
2024-01-06,Saturday,1,January,1,1,1,0,General OPD,9,135,84,80,5,6,7,80,43.5,59.3,2407.35,78,2,15
2024-01-07,Sunday,1,January,1,1,1,0,General OPD,8,120,88,84,5,7,8,84,59.0,70.0,2727.56,78,4,11
2024-01-08,Monday,1,January,1,2,0,0,General OPD,9,144,127,130,5,13,21,130,65.0,90.3,5053.96,122,8,12
2024-01-09,Tuesday,1,January,1,2,0,0,Medicine,8,120,132,139,7,8,22,139,82.1,115.8,4746.9,135,9,14
2024-01-10,Wednesday,1,January,1,2,0,0,General OPD,9,135,110,119,6,5,20,119,53.7,88.1,3746.74,112,5,13
2024-01-11,Thursday,1,January,1,2,0,0,General OPD,8,144,119,121,6,6,14,121,45.1,84.0,4460.95,110,6,12
2024-01-12,Friday,1,January,1,2,0,0,Medicine,8,136,114,122,7,6,21,122,55.7,89.7,3977.52,111,4,12
2024-01-13,Saturday,1,January,1,2,1,0,General OPD,8,128,66,72,4,4,14,72,35.1,56.2,2764.72,67,4,10
2024-01-14,Sunday,1,January,1,2,1,0,Medicine,10,180,97,97,6,5,11,97,43.5,53.9,2843.23,94,5,13
2024-01-15,Monday,1,January,1,3,0,0,General OPD,7,105,123,121,8,10,16,121,92.4,115.2,3316.47,116,7,13
2024-01-16,Tuesday,1,January,1,3,0,0,General OPD,9,135,141,147,9,7,22,147,89.8,108.9,3527.8,144,11,11
2024-01-17,Wednesday,1,January,1,3,0,0,Medicine,8,128,117,118,8,8,17,118,65.1,92.2,3726.25,105,5,14
2024-01-18,Thursday,1,January,1,3,0,0,Pediatrics,8,136,89,84,6,9,10,84,44.6,61.8,2273.16,76,3,10
2024-01-19,Friday,1,January,1,3,0,0,Medicine,9,144,122,118,6,10,12,118,64.9,81.9,3186.56,105,5,11
2024-01-20,Saturday,1,January,1,3,1,0,Medicine,9,162,62,67,3,5,13,67,37.7,41.4,2421.2,64,5,11
2024-01-21,Sunday,1,January,1,3,1,0,Medicine,9,144,78,89,4,8,23,89,45.4,61.8,2234.93,80,3,15
2024-01-22,Monday,1,January,1,4,0,0,General OPD,7,105,133,130,8,12,17,130,100.0,123.8,4213.85,116,9,12
2024-01-23,Tuesday,1,January,1,4,0,0,General OPD,9,162,141,139,11,11,20,139,51.4,85.8,4401.72,130,9,11
2024-01-24,Wednesday,1,January,1,4,0,0,Medicine,9,135,133,143,7,9,26,143,86.2,105.9,4628.7,132,7,13
2024-01-25,Thursday,1,January,1,4,0,0,Medicine,7,119,112,113,7,8,16,113,72.3,95.0,4241.61,108,5,10
2024-01-26,Friday,1,January,1,4,0,0,Surgical OPD,9,135,97,93,5,7,8,93,56.9,68.9,2668.84,86,5,14
2024-01-27,Saturday,1,January,1,4,1,0,General OPD,8,120,76,76,5,5,10,76,48.9,63.3,2853.02,70,4,13
2024-01-28,Sunday,1,January,1,4,1,0,General OPD,9,144,94,92,7,7,12,92,44.8,63.9,2296.24,85,6,15
2024-01-29,Monday,1,January,1,5,0,0,Medicine,8,120,137,139,9,10,21,139,97.3,115.8,4809.81,134,8,13
2024-01-30,Tuesday,1,January,1,5,0,0,General OPD,7,126,146,159,6,7,26,159,100.0,125.0,6026.97,146,10,13
2024-01-31,Wednesday,1,January,1,5,0,0,Surgical OPD,7,126,117,124,8,11,26,124,77.3,98.4,1957.19,113,11,13
2024-02-01,Thursday,2,February,1,5,0,0,Medicine,9,153,118,110,8,9,9,110,57.0,71.9,3504.43,101,3,13
2024-02-02,Friday,2,February,1,5,0,0,Pediatrics,9,162,117,118,7,8,16,118,49.9,72.8,3720.9,106,3,11
2024-02-03,Saturday,2,February,1,5,1,0,Medicine,9,144,69,73,5,5,14,73,49.6,50.7,2356.98,71,3,14
2024-02-04,Sunday,2,February,1,5,1,0,Medicine,8,136,90,93,5,8,16,93,54.7,68.4,3612.7,83,6,10
2024-02-05,Monday,2,February,1,6,0,0,General OPD,7,126,164,166,10,7,19,166,100.0,125.0,4804.95,161,11,9
2024-02-06,Tuesday,2,February,1,6,0,0,Surgical OPD,9,144,121,118,9,8,14,118,58.2,81.9,3216.91,107,5,11
2024-02-07,Wednesday,2,February,1,6,0,0,Pediatrics,8,144,113,121,8,6,22,121,57.3,84.0,3910.3,117,5,14
2024-02-08,Thursday,2,February,1,6,0,0,Medicine,8,144,102,93,7,12,10,93,47.2,64.6,3394.24,89,6,10
2024-02-09,Friday,2,February,1,6,0,0,General OPD,8,120,117,111,6,9,9,111,75.2,92.5,3800.03,104,4,13
2024-02-10,Saturday,2,February,1,6,1,0,Surgical OPD,8,144,64,73,3,3,15,73,43.4,50.7,2346.02,69,3,14
2024-02-11,Sunday,2,February,1,6,1,0,General OPD,8,144,113,101,7,15,10,101,45.3,70.1,3139.39,92,4,13
2024-02-12,Monday,2,February,1,7,0,0,General OPD,9,144,132,131,9,8,16,131,58.6,91.0,3140.37,123,3,15
2024-02-13,Tuesday,2,February,1,7,0,0,Surgical OPD,8,128,111,124,7,7,27,124,66.2,96.9,4258.59,113,6,11
2024-02-14,Wednesday,2,February,1,7,0,0,General OPD,9,135,128,132,7,9,20,132,74.7,97.8,4596.42,121,7,12
2024-02-15,Thursday,2,February,1,7,0,0,General OPD,9,162,133,129,9,7,12,129,52.1,79.6,3770.76,123,6,12
2024-02-16,Friday,2,February,1,7,0,0,Surgical OPD,9,135,85,86,6,6,13,86,48.3,63.7,2592.14,78,4,12
2024-02-17,Saturday,2,February,1,7,1,0,Surgical OPD,9,162,45,57,3,1,16,57,38.5,35.2,1585.0,55,3,15
2024-02-18,Sunday,2,February,1,7,1,0,Pediatrics,10,170,99,104,7,9,21,104,55.7,61.2,3689.14,95,5,12
2024-02-19,Monday,2,February,1,8,0,0,Pediatrics,8,136,113,116,7,6,16,116,55.0,85.3,3542.24,108,5,12
2024-02-20,Tuesday,2,February,1,8,0,0,Pediatrics,8,120,119,122,7,8,18,122,70.1,101.7,3831.14,119,6,12
2024-02-21,Wednesday,2,February,1,8,0,0,General OPD,9,135,149,147,12,12,22,147,95.1,108.9,5074.01,139,9,12
2024-02-22,Thursday,2,February,1,8,0,0,General OPD,10,150,141,141,8,9,17,141,60.2,94.0,4696.41,133,6,12
2024-02-23,Friday,2,February,1,8,0,0,Medicine,9,144,109,103,6,7,7,103,42.7,71.5,3528.07,98,5,14
2024-02-24,Saturday,2,February,1,8,1,0,Medicine,10,160,74,73,6,4,9,73,47.4,45.6,2387.05,71,5,12
2024-02-25,Sunday,2,February,1,8,1,0,Medicine,9,144,94,95,5,10,16,95,53.0,66.0,3114.9,86,5,14
2024-02-26,Monday,2,February,1,9,0,0,Medicine,8,120,130,133,8,10,21,133,90.9,110.8,4355.82,125,5,12
2024-02-27,Tuesday,2,February,1,9,0,0,General OPD,8,144,142,148,9,7,22,148,78.3,102.8,5004.13,136,9,10
2024-02-28,Wednesday,2,February,1,9,0,0,Pediatrics,9,153,148,145,6,11,14,145,67.3,94.8,4930.87,128,9,11
2024-02-29,Thursday,2,February,1,9,0,0,General OPD,8,120,113,115,7,6,15,115,66.5,95.8,3116.63,103,5,12
2024-03-01,Friday,3,March,1,9,0,0,Pediatrics,9,144,116,107,6,12,9,107,50.0,74.3,3168.4,98,5,11
2024-03-02,Saturday,3,March,1,9,1,0,Pediatrics,10,160,75,72,5,6,8,72,38.0,45.0,2245.43,67,3,15
2024-03-03,Sunday,3,March,1,9,1,0,Surgical OPD,9,135,65,74,5,3,17,74,35.8,54.8,2501.74,72,4,11
2024-03-04,Monday,3,March,1,10,0,0,General OPD,10,150,153,154,6,13,20,154,74.3,102.7,5912.01,148,8,15
2024-03-05,Tuesday,3,March,1,10,0,0,General OPD,8,128,124,133,8,8,25,133,69.3,103.9,3823.37,124,9,11
2024-03-06,Wednesday,3,March,1,10,0,0,General OPD,9,162,126,127,9,6,16,127,53.7,78.4,4510.36,113,8,11
2024-03-07,Thursday,3,March,1,10,0,0,Medicine,8,128,141,140,6,11,16,140,87.1,109.4,4161.39,127,8,13
2024-03-08,Friday,3,March,1,10,0,0,Pediatrics,9,144,135,120,11,10,6,120,64.4,83.3,4497.85,110,4,13
2024-03-09,Saturday,3,March,1,10,1,0,General OPD,9,135,90,88,6,8,12,88,49.2,65.2,3489.15,83,7,12
2024-03-10,Sunday,3,March,1,10,1,0,General OPD,9,162,91,97,7,6,19,97,42.2,59.9,2425.77,86,5,11
2024-03-11,Monday,3,March,1,11,0,0,Medicine,10,160,123,130,7,9,23,130,53.5,81.2,3990.31,121,8,15
2024-03-12,Tuesday,3,March,1,11,0,0,General OPD,8,128,154,158,9,11,24,158,100.0,123.4,3570.65,153,11,10
2024-03-13,Wednesday,3,March,1,11,0,0,Medicine,9,153,144,143,9,14,22,143,68.0,93.5,3609.41,136,9,14
2024-03-14,Thursday,3,March,1,11,0,0,Medicine,9,135,121,115,11,8,13,115,59.4,85.2,2931.34,110,6,11
2024-03-15,Friday,3,March,1,11,0,0,General OPD,9,153,125,119,10,10,14,119,54.9,77.8,4105.06,113,7,12
2024-03-16,Saturday,3,March,1,11,1,0,General OPD,9,153,101,107,7,8,21,107,48.2,69.9,3611.03,96,5,12
2024-03-17,Sunday,3,March,1,11,1,0,Surgical OPD,9,144,90,92,6,7,15,92,44.1,63.9,3238.86,82,5,11
2024-03-18,Monday,3,March,1,12,0,0,General OPD,8,120,134,141,10,9,26,141,93.9,117.5,4854.86,136,11,10
2024-03-19,Tuesday,3,March,1,12,0,0,General OPD,8,144,151,151,14,11,25,151,76.5,104.9,5124.98,143,11,14
2024-03-20,Wednesday,3,March,1,12,0,0,Medicine,8,128,129,129,9,9,18,129,70.6,100.8,4185.72,121,9,10
2024-03-21,Thursday,3,March,1,12,0,0,Surgical OPD,9,162,112,107,8,11,14,107,56.9,66.0,3367.98,96,4,11
2024-03-22,Friday,3,March,1,12,0,0,Surgical OPD,9,162,104,104,7,6,13,104,47.5,64.2,3752.15,98,7,12
2024-03-23,Saturday,3,March,1,12,1,1,Medicine,9,135,60,69,4,3,16,69,40.2,51.1,2211.39,61,4,11
2024-03-24,Sunday,3,March,1,12,1,0,General OPD,8,136,108,113,6,8,19,113,52.9,83.1,3853.38,101,6,12
2024-03-25,Monday,3,March,1,13,0,0,General OPD,8,120,138,138,10,9,19,138,95.9,115.0,3129.68,126,9,10
2024-03-26,Tuesday,3,March,1,13,0,0,Medicine,11,198,158,152,8,12,14,152,58.6,76.8,4149.56,141,7,17
2024-03-27,Wednesday,3,March,1,13,0,0,Pediatrics,8,128,150,153,10,9,22,153,100.0,119.5,5495.9,136,9,13
2024-03-28,Thursday,3,March,1,13,0,0,Pediatrics,10,180,134,121,10,10,7,121,52.8,67.2,3548.48,108,5,13
2024-03-29,Friday,3,March,1,13,0,0,Surgical OPD,9,144,85,80,6,6,7,80,40.1,55.6,2113.49,76,5,13
2024-03-30,Saturday,3,March,1,13,1,0,General OPD,9,144,116,110,7,10,11,110,52.4,76.4,3802.17,103,6,14
2024-03-31,Sunday,3,March,1,13,1,0,Pediatrics,9,135,108,105,7,8,12,105,50.1,77.8,3360.56,98,6,13
2024-04-01,Monday,4,April,2,14,0,0,General OPD,9,162,172,168,14,12,22,168,80.2,103.7,5102.54,155,10,12
2024-04-02,Tuesday,4,April,2,14,0,0,Pediatrics,9,153,156,157,8,12,21,157,84.6,102.6,5971.72,153,8,15
2024-04-03,Wednesday,4,April,2,14,0,0,General OPD,9,162,158,158,8,14,22,158,74.1,97.5,5901.26,140,5,12
2024-04-04,Thursday,4,April,2,14,0,0,General OPD,10,180,141,133,8,8,8,133,59.4,73.9,4156.07,119,8,14
2024-04-05,Friday,4,April,2,14,0,0,General OPD,9,153,136,129,9,7,9,129,54.5,84.3,4500.75,122,8,13
2024-04-06,Saturday,4,April,2,14,1,0,Pediatrics,9,135,98,96,5,10,13,96,46.0,71.1,2212.34,86,5,12
2024-04-07,Sunday,4,April,2,14,1,0,Medicine,9,162,97,98,8,8,17,98,47.8,60.5,3564.6,92,4,11
2024-04-08,Monday,4,April,2,15,0,0,Pediatrics,9,162,156,161,9,10,24,161,74.8,99.4,4452.24,151,13,12
2024-04-09,Tuesday,4,April,2,15,0,0,Surgical OPD,8,128,111,113,8,8,18,113,62.0,88.3,2959.63,110,6,14
2024-04-10,Wednesday,4,April,2,15,0,0,General OPD,9,162,150,148,9,10,17,148,65.1,91.4,3679.12,143,9,12
2024-04-11,Thursday,4,April,2,15,0,0,General OPD,8,136,157,152,10,12,17,152,87.3,111.8,3731.57,148,9,13
2024-04-12,Friday,4,April,2,15,0,0,Medicine,10,160,139,127,7,8,3,127,54.7,79.4,4612.81,113,4,12
2024-04-13,Saturday,4,April,2,15,1,0,General OPD,9,135,119,115,9,10,15,115,61.4,85.2,3970.33,111,7,14
2024-04-14,Sunday,4,April,2,15,1,0,Surgical OPD,9,144,88,97,5,6,20,97,53.7,67.4,2806.85,87,3,12
2024-04-15,Monday,4,April,2,16,0,0,General OPD,9,153,167,162,9,12,16,162,79.9,105.9,5737.97,153,10,11
2024-04-16,Tuesday,4,April,2,16,0,0,Surgical OPD,9,153,125,127,12,7,21,127,56.5,83.0,3761.75,121,7,14
2024-04-17,Wednesday,4,April,2,16,0,0,General OPD,11,176,152,154,11,12,25,154,66.8,87.5,5127.37,138,6,16
2024-04-18,Thursday,4,April,2,16,0,0,Surgical OPD,9,135,120,121,9,7,17,121,59.7,89.6,3638.56,114,5,11
2024-04-19,Friday,4,April,2,16,0,0,Pediatrics,9,144,134,130,10,8,14,130,59.6,90.3,4097.62,115,6,11
2024-04-20,Saturday,4,April,2,16,1,0,Surgical OPD,9,135,56,66,3,4,17,66,44.0,48.9,1872.24,60,3,13
2024-04-21,Sunday,4,April,2,16,1,0,General OPD,7,112,108,115,5,12,24,115,81.5,102.7,3330.48,112,5,9
2024-04-22,Monday,4,April,2,17,0,0,Pediatrics,9,153,156,156,10,11,21,156,73.3,102.0,5331.52,140,7,12
2024-04-23,Tuesday,4,April,2,17,0,0,Surgical OPD,9,162,143,151,8,4,20,151,59.5,93.2,5257.69,134,8,15
2024-04-24,Wednesday,4,April,2,17,0,0,Pediatrics,8,144,156,161,9,9,23,161,90.8,111.8,4885.3,149,13,12
2024-04-25,Thursday,4,April,2,17,0,0,Pediatrics,9,135,158,152,7,13,14,152,88.7,112.6,3936.47,147,12,11
2024-04-26,Friday,4,April,2,17,0,0,Medicine,9,135,148,138,10,8,8,138,69.3,102.2,5780.13,122,8,15
2024-04-27,Saturday,4,April,2,17,1,0,Pediatrics,8,120,83,80,7,7,11,80,44.6,66.7,2571.74,73,5,12
2024-04-28,Sunday,4,April,2,17,1,0,Pediatrics,8,136,97,101,7,7,18,101,54.4,74.3,3358.1,98,7,11
2024-04-29,Monday,4,April,2,18,0,0,Pediatrics,7,112,151,147,10,13,19,147,100.0,125.0,3962.34,131,9,13
2024-04-30,Tuesday,4,April,2,18,0,0,Surgical OPD,9,153,136,139,9,8,20,139,71.3,90.8,5123.67,127,8,11
2024-05-01,Wednesday,5,May,2,18,0,1,General OPD,9,162,138,140,4,9,15,140,47.6,86.4,5246.02,134,9,11
2024-05-02,Thursday,5,May,2,18,0,0,General OPD,8,120,164,162,10,13,21,162,100.0,125.0,4077.19,151,13,11
2024-05-03,Friday,5,May,2,18,0,0,Surgical OPD,9,144,130,126,6,9,11,126,57.7,87.5,3980.4,121,9,13
2024-05-04,Saturday,5,May,2,18,1,0,Surgical OPD,8,144,94,92,6,6,10,92,44.3,63.9,2877.6,82,3,14
2024-05-05,Sunday,5,May,2,18,1,0,Pediatrics,8,144,98,98,6,9,15,98,40.9,68.1,4072.27,95,7,11
2024-05-06,Monday,5,May,2,19,0,0,Pediatrics,9,162,160,162,9,13,24,162,77.3,100.0,6119.46,158,13,13
2024-05-07,Tuesday,5,May,2,19,0,0,General OPD,8,136,183,188,12,7,24,188,97.1,125.0,4925.01,168,15,13
2024-05-08,Wednesday,5,May,2,19,0,0,General OPD,9,135,156,150,10,13,17,150,93.0,111.1,4363.17,133,7,14
2024-05-09,Thursday,5,May,2,19,0,0,Pediatrics,8,144,125,120,10,10,15,120,47.9,83.3,3411.36,117,5,12
2024-05-10,Friday,5,May,2,19,0,0,General OPD,9,135,122,115,9,11,13,115,49.7,85.2,3850.97,107,7,11
2024-05-11,Saturday,5,May,2,19,1,0,Pediatrics,9,153,81,82,5,4,10,82,36.2,53.6,3139.68,77,6,11
2024-05-12,Sunday,5,May,2,19,1,0,General OPD,8,144,98,96,5,8,11,96,44.4,66.7,3113.92,90,5,13
2024-05-13,Monday,5,May,2,20,0,0,Surgical OPD,9,153,129,136,7,9,23,136,65.8,88.9,4624.63,130,7,11
2024-05-14,Tuesday,5,May,2,20,0,0,Surgical OPD,8,136,126,129,9,7,19,129,76.1,94.9,3785.22,124,7,10
2024-05-15,Wednesday,5,May,2,20,0,0,Medicine,9,135,132,134,8,11,21,134,71.1,99.3,4553.75,121,9,13
2024-05-16,Thursday,5,May,2,20,0,0,Pediatrics,8,144,148,144,10,10,16,144,74.8,100.0,4336.18,130,8,12
2024-05-17,Friday,5,May,2,20,0,0,General OPD,8,136,137,127,10,12,12,127,69.2,93.4,3230.49,123,8,10
2024-05-18,Saturday,5,May,2,20,1,0,Medicine,9,162,97,98,4,6,11,98,43.6,60.5,3304.9,94,5,13
2024-05-19,Sunday,5,May,2,20,1,0,Medicine,9,135,124,122,10,6,14,122,65.3,90.4,3899.19,115,6,15
2024-05-20,Monday,5,May,2,21,0,0,General OPD,10,170,159,153,12,10,16,153,62.5,90.0,4224.52,150,7,15
2024-05-21,Tuesday,5,May,2,21,0,0,Surgical OPD,8,120,140,143,5,11,19,143,97.7,119.2,5517.16,136,10,14
2024-05-22,Wednesday,5,May,2,21,0,0,Medicine,9,162,148,147,13,9,21,147,56.3,90.7,4253.33,133,3,15
2024-05-23,Thursday,5,May,2,21,0,0,Surgical OPD,9,162,138,145,9,4,20,145,62.6,89.5,4993.28,140,9,11
2024-05-24,Friday,5,May,2,21,0,0,Medicine,9,135,140,138,8,11,17,138,82.5,102.2,4215.87,127,8,11
2024-05-25,Saturday,5,May,2,21,1,0,Pediatrics,8,128,91,92,6,7,14,92,46.5,71.9,3512.04,81,5,14
2024-05-26,Sunday,5,May,2,21,1,0,General OPD,8,136,124,131,6,10,23,131,60.5,96.3,4067.5,119,8,14
2024-05-27,Monday,5,May,2,22,0,0,Surgical OPD,9,162,120,124,8,8,20,124,50.8,76.5,3137.38,119,7,12
2024-05-28,Tuesday,5,May,2,22,0,0,Medicine,8,144,158,157,8,10,17,157,93.8,109.0,5532.68,153,8,11
2024-05-29,Wednesday,5,May,2,22,0,0,General OPD,9,153,158,156,14,15,27,156,83.6,102.0,5952.68,142,7,14
2024-05-30,Thursday,5,May,2,22,0,0,General OPD,9,135,136,139,8,6,17,139,75.8,103.0,4210.25,126,7,15
2024-05-31,Friday,5,May,2,22,0,0,General OPD,9,135,139,126,10,9,6,126,68.9,93.3,4374.16,118,8,13
2024-06-01,Saturday,6,June,2,22,1,0,Medicine,8,120,95,102,5,7,19,102,59.3,85.0,3316.81,98,8,11
2024-06-02,Sunday,6,June,2,22,1,0,Surgical OPD,8,128,102,101,7,8,14,101,61.0,78.9,3077.38,96,6,10
2024-06-03,Monday,6,June,2,23,0,0,General OPD,8,128,160,157,10,12,19,157,95.6,122.7,5552.0,147,9,14
2024-06-04,Tuesday,6,June,2,23,0,0,Pediatrics,9,162,140,152,6,8,26,152,61.9,93.8,4377.58,143,8,13
2024-06-05,Wednesday,6,June,2,23,0,0,General OPD,8,120,126,133,7,11,25,133,78.5,110.8,4273.29,120,7,12
2024-06-06,Thursday,6,June,2,23,0,0,Surgical OPD,9,153,128,119,11,9,11,119,49.6,77.8,3930.5,110,7,13
2024-06-07,Friday,6,June,2,23,0,0,Medicine,8,144,125,129,9,5,18,129,67.3,89.6,4242.08,117,6,10
2024-06-08,Saturday,6,June,2,23,1,0,Medicine,8,136,104,107,6,8,17,107,50.6,78.7,3092.13,104,6,11
2024-06-09,Sunday,6,June,2,23,1,0,Pediatrics,8,144,89,93,3,7,14,93,40.5,64.6,3742.17,83,6,12
2024-06-10,Monday,6,June,2,24,0,0,General OPD,7,112,130,130,6,14,20,130,96.3,116.1,4816.37,123,7,10
2024-06-11,Tuesday,6,June,2,24,0,0,General OPD,10,180,156,165,7,12,28,165,65.9,91.7,5933.67,149,10,15
2024-06-12,Wednesday,6,June,2,24,0,0,General OPD,8,128,144,145,5,7,13,145,86.5,113.3,5471.26,134,10,10
2024-06-13,Thursday,6,June,2,24,0,0,Medicine,8,144,153,156,10,7,20,156,82.8,108.3,5034.91,142,9,11
2024-06-14,Friday,6,June,2,24,0,0,Medicine,9,135,135,131,8,12,16,131,72.0,97.0,3997.44,120,10,12
2024-06-15,Saturday,6,June,2,24,1,0,Surgical OPD,8,136,97,99,8,5,15,99,54.5,72.8,2736.74,90,7,12
2024-06-16,Sunday,6,June,2,24,1,0,Surgical OPD,7,105,98,107,5,4,18,107,74.1,101.9,3122.93,102,7,11
2024-06-17,Monday,6,June,2,25,0,0,Pediatrics,8,144,140,149,8,12,29,149,75.4,103.5,4163.64,137,7,10
2024-06-18,Tuesday,6,June,2,25,0,0,Medicine,8,144,138,153,6,9,30,153,92.3,106.2,4572.8,146,8,11
2024-06-19,Wednesday,6,June,2,25,0,0,Surgical OPD,7,126,136,134,7,12,17,134,81.5,106.3,4436.19,124,8,13
2024-06-20,Thursday,6,June,2,25,0,0,Medicine,8,128,130,133,7,7,17,133,81.1,103.9,4742.26,124,6,12
2024-06-21,Friday,6,June,2,25,0,0,General OPD,8,136,142,141,7,14,20,141,82.9,103.7,5011.9,132,9,12
2024-06-22,Saturday,6,June,2,25,1,0,Pediatrics,9,153,98,94,6,8,10,94,36.7,61.4,2567.51,92,7,14
2024-06-23,Sunday,6,June,2,25,1,0,General OPD,7,126,114,117,8,7,18,117,66.0,92.9,4066.51,107,6,9
2024-06-24,Monday,6,June,2,26,0,0,Surgical OPD,7,126,120,132,8,5,25,132,72.8,104.8,4827.96,119,8,10
2024-06-25,Tuesday,6,June,2,26,0,0,Pediatrics,8,128,131,124,6,15,14,124,70.5,96.9,3841.9,120,9,11
2024-06-26,Wednesday,6,June,2,26,0,0,General OPD,8,120,152,156,8,10,22,156,100.0,125.0,5739.4,140,11,11
2024-06-27,Thursday,6,June,2,26,0,0,Medicine,9,135,134,127,9,8,10,127,62.6,94.1,4508.91,122,6,13
2024-06-28,Friday,6,June,2,26,0,0,Pediatrics,9,153,114,108,8,11,13,108,41.4,70.6,2909.7,97,5,11
2024-06-29,Saturday,6,June,2,26,1,0,General OPD,9,144,97,102,5,8,18,102,59.3,70.8,4158.23,96,7,12
2024-06-30,Sunday,6,June,2,26,1,0,General OPD,8,144,99,91,6,9,7,91,40.7,63.2,2651.5,81,5,14
2024-07-01,Monday,7,July,3,27,0,0,Medicine,9,153,159,163,9,11,24,163,75.6,106.5,5840.24,158,8,14
2024-07-02,Tuesday,7,July,3,27,0,0,Pediatrics,8,128,154,162,6,16,30,162,100.0,125.0,5780.95,152,10,13
2024-07-03,Wednesday,7,July,3,27,0,0,Medicine,8,120,131,134,8,6,17,134,83.7,111.7,3631.93,122,5,11
2024-07-04,Thursday,7,July,3,27,0,0,Pediatrics,7,112,123,125,7,8,17,125,97.7,111.6,4089.49,112,5,11
2024-07-05,Friday,7,July,3,27,0,0,Medicine,8,120,140,141,5,11,17,141,98.2,117.5,5024.63,129,10,13
2024-07-06,Saturday,7,July,3,27,1,0,Pediatrics,8,128,73,69,4,7,7,69,48.7,53.9,1867.25,66,4,13
2024-07-07,Sunday,7,July,3,27,1,0,Pediatrics,9,153,89,97,5,7,20,97,47.5,63.4,3142.65,89,5,14
2024-07-08,Monday,7,July,3,28,0,0,Medicine,8,120,155,162,7,11,25,162,100.0,125.0,5827.25,147,12,13
2024-07-09,Tuesday,7,July,3,28,0,0,General OPD,8,136,154,157,11,10,24,157,89.7,115.4,5687.95,147,11,11
2024-07-10,Wednesday,7,July,3,28,0,0,General OPD,8,136,144,141,10,13,20,141,76.6,103.7,4288.05,130,9,10
2024-07-11,Thursday,7,July,3,28,0,0,General OPD,8,120,130,124,6,11,11,124,68.5,103.3,4734.01,111,7,10
2024-07-12,Friday,7,July,3,28,0,0,Medicine,7,105,108,115,5,6,18,115,91.7,109.5,4280.54,103,8,11
2024-07-13,Saturday,7,July,3,28,1,0,Pediatrics,9,162,91,94,5,5,13,94,46.2,58.0,3098.7,89,7,15
2024-07-14,Sunday,7,July,3,28,1,0,Medicine,7,126,119,119,6,7,13,119,63.0,94.4,3494.34,116,7,9
2024-07-15,Monday,7,July,3,29,0,0,General OPD,7,126,133,139,6,8,20,139,79.1,110.3,3799.79,126,9,13
2024-07-16,Tuesday,7,July,3,29,0,0,General OPD,8,136,122,132,2,11,23,132,72.8,97.1,4423.34,126,8,10
2024-07-17,Wednesday,7,July,3,29,0,0,General OPD,9,153,139,131,10,11,13,131,65.4,85.6,4959.4,116,6,11
2024-07-18,Thursday,7,July,3,29,0,0,General OPD,7,126,143,139,7,12,15,139,87.2,110.3,4366.18,128,8,11
2024-07-19,Friday,7,July,3,29,0,0,Pediatrics,7,119,106,103,5,8,10,103,55.0,86.6,2942.06,96,7,12
2024-07-20,Saturday,7,July,3,29,1,0,General OPD,8,136,85,92,5,6,18,92,43.7,67.6,3247.57,83,4,12
2024-07-21,Sunday,7,July,3,29,1,0,Pediatrics,7,105,86,88,4,4,10,88,62.0,83.8,2877.43,82,4,9
2024-07-22,Monday,7,July,3,30,0,0,Surgical OPD,7,105,126,134,6,11,25,134,100.0,125.0,4564.53,130,11,12
2024-07-23,Tuesday,7,July,3,30,0,0,General OPD,8,136,131,146,5,8,28,146,82.4,107.4,4365.24,142,11,13
2024-07-24,Wednesday,7,July,3,30,0,0,Pediatrics,8,144,132,130,4,10,12,130,68.1,90.3,3967.68,116,10,13
2024-07-25,Thursday,7,July,3,30,0,0,Medicine,9,144,128,124,4,8,8,124,60.8,86.1,3705.12,112,8,15
2024-07-26,Friday,7,July,3,30,0,0,General OPD,7,126,117,123,4,9,19,123,70.3,97.6,4181.59,120,9,9
2024-07-27,Saturday,7,July,3,30,1,0,Pediatrics,7,112,79,77,5,6,9,77,45.5,68.8,2359.47,70,5,10
2024-07-28,Sunday,7,July,3,30,1,0,Medicine,8,144,104,121,6,6,29,121,63.1,84.0,4158.73,115,6,12
2024-07-29,Monday,7,July,3,31,0,0,Surgical OPD,7,105,117,117,5,9,14,117,83.7,111.4,3453.2,106,8,13
2024-07-30,Tuesday,7,July,3,31,0,0,General OPD,8,136,130,142,3,8,23,142,79.4,104.4,4826.58,130,9,12
2024-07-31,Wednesday,7,July,3,31,0,0,Surgical OPD,8,136,123,124,6,12,19,124,56.5,91.2,4317.08,111,6,11
2024-08-01,Thursday,8,August,3,31,0,0,Pediatrics,7,105,129,130,6,7,14,130,100.0,123.8,4332.4,126,9,12
2024-08-02,Friday,8,August,3,31,0,0,General OPD,8,128,116,119,5,6,14,119,63.9,93.0,4244.51,115,8,11
2024-08-03,Saturday,8,August,3,31,1,0,Pediatrics,8,128,70,76,4,5,15,76,41.2,59.4,2285.64,69,4,12
2024-08-04,Sunday,8,August,3,31,1,0,Surgical OPD,9,144,64,73,3,4,16,73,44.1,50.7,2538.25,70,4,12
2024-08-05,Monday,8,August,3,32,0,0,Pediatrics,8,120,126,129,5,9,17,129,77.2,107.5,4248.41,118,9,10
2024-08-06,Tuesday,8,August,3,32,0,0,General OPD,8,128,149,161,5,9,26,161,100.0,125.0,4630.53,143,12,11
2024-08-07,Wednesday,8,August,3,32,0,0,Pediatrics,7,105,125,132,6,9,22,132,100.0,125.0,3217.09,126,12,9
2024-08-08,Thursday,8,August,3,32,0,0,General OPD,8,144,129,127,5,12,15,127,54.2,88.2,3203.87,119,6,11
2024-08-09,Friday,8,August,3,32,0,0,General OPD,8,144,119,119,6,9,15,119,50.2,82.6,2756.82,108,8,10
2024-08-10,Saturday,8,August,3,32,1,0,General OPD,7,105,90,94,5,7,16,94,58.5,89.5,3168.22,85,5,9
2024-08-11,Sunday,8,August,3,32,1,0,General OPD,7,119,113,118,3,6,14,118,71.8,99.2,3622.71,115,8,10
2024-08-12,Monday,8,August,3,33,0,0,General OPD,6,108,132,140,6,9,23,140,100.0,125.0,4528.84,135,11,12
2024-08-13,Tuesday,8,August,3,33,0,0,General OPD,6,96,156,157,9,10,20,157,100.0,125.0,4910.71,151,12,11
2024-08-14,Wednesday,8,August,3,33,0,1,Pediatrics,6,90,97,107,4,8,22,107,92.5,118.9,3672.95,96,6,11
2024-08-15,Thursday,8,August,3,33,0,0,General OPD,8,128,122,122,7,7,14,122,57.3,95.3,4202.13,117,8,13
2024-08-16,Friday,8,August,3,33,0,0,General OPD,7,112,133,134,6,8,15,134,100.0,119.6,4310.99,121,6,9
2024-08-17,Saturday,8,August,3,33,1,0,Surgical OPD,7,119,65,68,3,5,11,68,44.7,57.1,2204.13,66,5,12
2024-08-18,Sunday,8,August,3,33,1,0,Pediatrics,7,112,86,93,4,9,20,93,65.4,83.0,3029.33,82,5,9
2024-08-19,Monday,8,August,3,34,0,0,Medicine,7,119,138,140,5,10,17,140,91.8,117.6,5259.4,128,11,13
2024-08-20,Tuesday,8,August,3,34,0,0,General OPD,7,126,134,137,9,10,22,137,88.3,108.7,3285.48,126,9,10
2024-08-21,Wednesday,8,August,3,34,0,0,General OPD,6,90,127,132,7,11,23,132,100.0,125.0,3869.96,127,9,9
2024-08-22,Thursday,8,August,3,34,0,0,General OPD,8,128,132,131,8,10,17,131,76.9,102.3,4645.4,125,7,10
2024-08-23,Friday,8,August,3,34,0,0,General OPD,7,105,109,107,6,9,13,107,70.2,101.9,3898.18,98,5,9
2024-08-24,Saturday,8,August,3,34,1,0,General OPD,7,112,86,96,4,6,20,96,55.8,85.7,3236.04,90,6,13
2024-08-25,Sunday,8,August,3,34,1,0,General OPD,8,120,81,91,5,6,21,91,55.2,75.8,2844.98,88,6,13
2024-08-26,Monday,8,August,3,35,0,0,General OPD,7,112,145,154,7,8,24,154,100.0,125.0,6074.72,136,11,13
2024-08-27,Tuesday,8,August,3,35,0,0,General OPD,8,128,153,160,6,12,25,160,100.0,125.0,5233.8,154,11,11
2024-08-28,Wednesday,8,August,3,35,0,0,Pediatrics,7,112,100,109,5,8,22,109,76.1,97.3,3501.42,106,7,10
2024-08-29,Thursday,8,August,3,35,0,0,General OPD,8,128,145,149,5,12,21,149,99.8,116.4,5561.74,132,8,13
2024-08-30,Friday,8,August,3,35,0,0,General OPD,8,128,106,107,2,7,10,107,53.0,83.6,3627.54,95,5,11
2024-08-31,Saturday,8,August,3,35,1,0,Pediatrics,6,96,70,79,2,6,17,79,47.4,82.3,2824.99,72,4,8
2024-09-01,Sunday,9,September,3,35,1,0,Medicine,7,112,78,85,4,7,18,85,53.1,75.9,3079.37,76,4,10
2024-09-02,Monday,9,September,3,36,0,0,General OPD,7,112,131,136,7,7,19,136,98.0,121.4,4149.38,126,11,11
2024-09-03,Tuesday,9,September,3,36,0,0,Medicine,7,112,138,145,5,9,21,145,100.0,125.0,5665.28,138,8,12
2024-09-04,Wednesday,9,September,3,36,0,0,Pediatrics,7,105,136,136,8,12,20,136,100.0,125.0,3012.61,127,9,12
2024-09-05,Thursday,9,September,3,36,0,0,General OPD,7,119,120,120,4,7,11,120,78.2,100.8,2889.76,108,8,12
2024-09-06,Friday,9,September,3,36,0,0,Medicine,8,128,118,120,4,10,16,120,73.7,93.8,3513.5,113,9,12
2024-09-07,Saturday,9,September,3,36,1,0,Surgical OPD,7,119,62,67,4,4,13,67,38.3,56.3,2030.54,64,3,13
2024-09-08,Sunday,9,September,3,36,1,0,General OPD,7,112,86,92,4,7,17,92,60.4,82.1,3077.45,90,4,9
2024-09-09,Monday,9,September,3,37,0,0,General OPD,6,96,131,142,5,10,26,142,100.0,125.0,4152.4,127,10,11
2024-09-10,Tuesday,9,September,3,37,0,0,Medicine,7,105,130,135,6,11,22,135,100.0,125.0,4313.56,128,9,10
2024-09-11,Wednesday,9,September,3,37,0,0,Medicine,8,144,127,141,4,7,25,141,84.0,97.9,4396.3,137,8,10
2024-09-12,Thursday,9,September,3,37,0,0,General OPD,9,162,126,127,5,7,13,127,49.0,78.4,5082.27,118,7,12
2024-09-13,Friday,9,September,3,37,0,0,General OPD,8,120,121,112,5,12,8,112,63.4,93.3,3223.37,103,7,10
2024-09-14,Saturday,9,September,3,37,1,0,General OPD,6,102,76,76,4,8,12,76,54.8,74.5,1920.35,68,4,8
2024-09-15,Sunday,9,September,3,37,1,0,Pediatrics,7,126,76,74,2,6,6,74,44.7,58.7,2699.22,72,4,10
2024-09-16,Monday,9,September,3,38,0,0,Pediatrics,8,120,109,116,7,11,25,116,67.2,96.7,3380.72,107,8,11
2024-09-17,Tuesday,9,September,3,38,0,0,General OPD,7,105,140,144,6,8,18,144,100.0,125.0,4555.2,140,10,9
2024-09-18,Wednesday,9,September,3,38,0,0,Pediatrics,7,126,109,116,3,7,17,116,66.9,92.1,3412.17,112,7,12
2024-09-19,Thursday,9,September,3,38,0,0,Medicine,8,136,111,115,3,11,18,115,53.1,84.6,4019.1,106,7,11
2024-09-20,Friday,9,September,3,38,0,0,General OPD,7,105,123,120,6,10,13,120,93.8,114.3,3180.35,112,6,11
2024-09-21,Saturday,9,September,3,38,1,0,General OPD,7,112,92,92,2,9,11,92,58.7,82.1,1913.9,81,5,11
2024-09-22,Sunday,9,September,3,38,1,0,Medicine,7,119,77,77,3,6,9,77,44.1,64.7,2863.08,70,4,9
2024-09-23,Monday,9,September,3,39,0,0,Surgical OPD,7,119,117,132,5,6,26,132,91.2,110.9,4354.66,126,6,13
2024-09-24,Tuesday,9,September,3,39,0,0,Pediatrics,8,144,124,133,7,9,25,133,61.2,92.4,4826.65,126,8,10
2024-09-25,Wednesday,9,September,3,39,0,0,Pediatrics,6,108,122,131,7,11,27,131,98.3,121.3,4853.4,120,8,8
2024-09-26,Thursday,9,September,3,39,0,0,General OPD,8,128,115,115,4,8,12,115,67.8,89.8,3258.43,110,4,13
2024-09-27,Friday,9,September,3,39,0,0,Pediatrics,7,105,82,79,3,6,6,79,54.9,75.2,2547.17,71,3,12
2024-09-28,Saturday,9,September,3,39,1,0,Pediatrics,7,126,73,82,2,6,17,82,37.9,65.1,2789.77,76,6,13
2024-09-29,Sunday,9,September,3,39,1,0,General OPD,6,108,101,109,2,6,16,109,74.3,100.9,3440.78,101,6,12
2024-09-30,Monday,9,September,3,40,0,0,General OPD,8,136,133,142,4,10,23,142,82.9,104.4,4366.7,130,9,14
2024-10-01,Tuesday,10,October,4,40,0,0,General OPD,8,144,126,138,7,9,28,138,70.4,95.8,4298.06,135,6,14
2024-10-02,Wednesday,10,October,4,40,0,0,General OPD,7,126,113,121,6,7,21,121,73.1,96.0,4396.43,115,10,13
2024-10-03,Thursday,10,October,4,40,0,0,General OPD,6,108,95,97,5,8,15,97,62.8,89.8,3003.5,91,5,8
2024-10-04,Friday,10,October,4,40,0,0,General OPD,7,126,116,116,3,10,13,116,64.5,92.1,3990.51,108,6,9
2024-10-05,Saturday,10,October,4,40,1,0,General OPD,8,136,72,72,2,5,7,72,41.0,52.9,2403.91,65,4,12
2024-10-06,Sunday,10,October,4,40,1,0,General OPD,6,96,82,94,3,6,21,94,77.8,97.9,2645.47,86,7,10
2024-10-07,Monday,10,October,4,41,0,0,Surgical OPD,6,96,108,123,4,7,26,123,100.0,125.0,4084.57,117,8,9
2024-10-08,Tuesday,10,October,4,41,0,0,Pediatrics,7,105,102,116,4,6,24,116,90.1,110.5,2998.06,113,6,9
2024-10-09,Wednesday,10,October,4,41,0,0,Medicine,6,108,115,119,4,5,13,119,88.2,110.2,3999.08,114,11,12
2024-10-10,Thursday,10,October,4,41,0,0,Medicine,6,102,111,113,5,7,14,113,85.8,110.8,4018.78,103,7,9
2024-10-11,Friday,10,October,4,41,0,0,Pediatrics,6,90,92,100,4,6,18,100,87.3,111.1,3648.57,92,6,11
2024-10-12,Saturday,10,October,4,41,1,0,General OPD,7,105,74,77,3,5,11,77,56.3,73.3,2170.57,68,2,9
2024-10-13,Sunday,10,October,4,41,1,0,Pediatrics,7,112,76,88,4,6,22,88,58.2,78.6,2627.27,78,4,11
2024-10-14,Monday,10,October,4,42,0,0,Pediatrics,6,102,116,123,7,7,21,123,97.5,120.6,4075.76,114,6,8
2024-10-15,Tuesday,10,October,4,42,0,0,Medicine,8,136,120,129,7,9,25,129,69.1,94.9,3882.42,120,6,10
2024-10-16,Wednesday,10,October,4,42,0,0,Pediatrics,8,136,115,121,6,6,18,121,63.7,89.0,2938.42,110,4,10
2024-10-17,Thursday,10,October,4,42,0,0,General OPD,7,112,118,119,6,8,15,119,84.9,106.2,3550.15,112,9,9
2024-10-18,Friday,10,October,4,42,0,0,General OPD,8,128,106,109,4,7,14,109,58.6,85.2,3610.17,104,4,13
2024-10-19,Saturday,10,October,4,42,1,0,General OPD,7,112,65,65,4,5,9,65,38.5,58.0,2357.56,59,2,11
2024-10-20,Sunday,10,October,4,42,1,0,Pediatrics,7,112,77,87,2,6,18,87,47.1,77.7,3371.84,83,4,9
2024-10-21,Monday,10,October,4,43,0,0,Pediatrics,6,96,124,118,7,9,10,118,100.0,122.9,3834.98,106,9,11
2024-10-22,Tuesday,10,October,4,43,0,0,General OPD,9,162,110,118,4,7,19,118,58.3,72.8,4043.39,110,5,12
2024-10-23,Wednesday,10,October,4,43,0,0,Surgical OPD,7,126,99,108,6,6,21,108,49.7,85.7,3871.06,104,6,9
2024-10-24,Thursday,10,October,4,43,0,0,Pediatrics,7,119,118,119,6,12,19,119,74.9,100.0,2831.93,111,8,12
2024-10-25,Friday,10,October,4,43,0,0,General OPD,7,105,98,102,4,6,14,102,75.4,97.1,2848.16,99,6,13
2024-10-26,Saturday,10,October,4,43,1,0,General OPD,8,136,65,65,3,5,8,65,28.5,47.8,2106.67,58,4,11
2024-10-27,Sunday,10,October,4,43,1,0,General OPD,8,120,82,93,4,6,21,93,47.5,77.5,3554.81,87,5,12
2024-10-28,Monday,10,October,4,44,0,0,General OPD,8,128,124,124,6,10,16,124,70.7,96.9,4280.36,116,7,10
2024-10-29,Tuesday,10,October,4,44,0,0,General OPD,8,120,141,147,6,12,24,147,100.0,122.5,4897.86,139,13,10
2024-10-30,Wednesday,10,October,4,44,0,0,General OPD,7,119,119,121,5,8,15,121,78.2,101.7,3761.59,117,7,12
2024-10-31,Thursday,10,October,4,44,0,0,General OPD,8,136,109,106,6,9,12,106,60.4,77.9,3572.96,101,6,12
2024-11-01,Friday,11,November,4,44,0,0,General OPD,7,105,92,86,3,11,8,86,50.6,81.9,2546.82,82,4,13
2024-11-02,Saturday,11,November,4,44,1,0,Surgical OPD,8,144,58,64,3,5,14,64,38.2,44.4,1848.36,58,1,11
2024-11-03,Sunday,11,November,4,44,1,0,General OPD,8,128,97,98,5,10,16,98,50.7,76.6,2864.37,90,6,12
2024-11-04,Monday,11,November,4,45,0,0,Pediatrics,7,112,111,118,7,9,23,118,82.4,105.4,4408.71,111,9,9
2024-11-05,Tuesday,11,November,4,45,0,0,General OPD,8,136,121,132,4,7,22,132,71.4,97.1,3780.35,123,9,13
2024-11-06,Wednesday,11,November,4,45,0,0,Surgical OPD,8,144,98,99,4,8,13,99,62.1,68.8,3010.08,97,5,14
2024-11-07,Thursday,11,November,4,45,0,0,General OPD,5,75,115,118,5,8,16,118,100.0,125.0,3998.32,106,7,10
2024-11-08,Friday,11,November,4,45,0,0,General OPD,8,128,103,96,6,6,5,96,43.8,75.0,2734.01,88,5,11
2024-11-09,Saturday,11,November,4,45,1,0,Surgical OPD,7,126,34,40,2,2,10,40,27.8,31.7,1316.19,37,2,11
2024-11-10,Sunday,11,November,4,45,1,0,Medicine,7,112,84,91,3,6,16,91,50.7,81.2,2994.19,88,6,12
2024-11-11,Monday,11,November,4,46,0,0,Medicine,7,126,131,137,6,7,19,137,79.7,108.7,4041.8,133,9,12
2024-11-12,Tuesday,11,November,4,46,0,0,General OPD,7,126,140,129,10,16,15,129,71.2,102.4,3994.47,118,7,9
2024-11-13,Wednesday,11,November,4,46,0,0,General OPD,8,136,115,124,6,10,25,124,63.1,91.2,3499.99,110,7,13
2024-11-14,Thursday,11,November,4,46,0,0,Medicine,6,96,100,107,7,7,21,107,85.7,111.5,4015.82,99,8,12
2024-11-15,Friday,11,November,4,46,0,0,Surgical OPD,7,105,72,84,4,5,21,84,49.5,80.0,2774.55,77,7,11
2024-11-16,Saturday,11,November,4,46,1,0,Pediatrics,8,136,74,80,5,7,18,80,54.6,58.8,2224.43,78,4,11
2024-11-17,Sunday,11,November,4,46,1,0,Pediatrics,9,153,65,70,3,7,15,70,35.3,45.8,2275.37,65,4,14
2024-11-18,Monday,11,November,4,47,0,0,General OPD,7,105,155,153,8,13,19,153,100.0,125.0,5001.02,139,9,13
2024-11-19,Tuesday,11,November,4,47,0,0,Medicine,7,119,137,140,7,10,20,140,100.0,117.6,3223.79,128,9,10
2024-11-20,Wednesday,11,November,4,47,0,0,General OPD,8,144,122,131,6,12,27,131,61.5,91.0,4894.39,120,8,14
2024-11-21,Thursday,11,November,4,47,0,0,General OPD,8,144,106,106,6,8,14,106,45.3,73.6,2972.41,102,5,13
2024-11-22,Friday,11,November,4,47,0,0,Pediatrics,7,112,108,112,4,9,17,112,73.7,100.0,4520.42,99,4,12
2024-11-23,Saturday,11,November,4,47,1,0,Pediatrics,8,128,47,58,3,4,18,58,48.4,45.3,2040.51,53,4,12
2024-11-24,Sunday,11,November,4,47,1,0,General OPD,6,90,76,86,3,5,18,86,67.1,95.6,2364.37,84,5,8
2024-11-25,Monday,11,November,4,48,0,0,General OPD,7,112,118,122,7,4,15,122,81.6,108.9,3750.65,109,7,13
2024-11-26,Tuesday,11,November,4,48,0,0,Pediatrics,8,144,141,144,9,9,21,144,77.1,100.0,5139.43,137,8,10
2024-11-27,Wednesday,11,November,4,48,0,0,General OPD,6,90,125,128,6,11,20,128,100.0,125.0,3974.27,117,9,8
2024-11-28,Thursday,11,November,4,48,0,0,Pediatrics,7,105,109,116,4,9,20,116,100.0,110.5,4258.7,109,6,10
2024-11-29,Friday,11,November,4,48,0,0,General OPD,7,112,99,96,6,9,12,96,53.2,85.7,2927.59,85,4,10
2024-11-30,Saturday,11,November,4,48,1,0,Pediatrics,8,144,69,69,4,4,8,69,48.2,47.9,2186.29,63,3,14
2024-12-01,Sunday,12,December,4,48,1,0,Pediatrics,6,90,67,77,4,7,21,77,62.8,85.6,2756.65,72,4,8
2024-12-02,Monday,12,December,4,49,0,0,General OPD,8,144,128,132,6,10,20,132,62.7,91.7,4542.59,119,8,12
2024-12-03,Tuesday,12,December,4,49,0,0,General OPD,8,144,129,122,9,10,12,122,56.1,84.7,3452.49,114,5,10
2024-12-04,Wednesday,12,December,4,49,0,0,General OPD,7,126,106,114,3,9,20,114,58.0,90.5,3845.93,103,7,10
2024-12-05,Thursday,12,December,4,49,0,0,General OPD,7,112,108,114,6,5,17,114,74.6,101.8,3724.36,108,5,9
2024-12-06,Friday,12,December,4,49,0,0,Surgical OPD,8,136,81,81,5,4,9,81,42.9,59.6,2296.6,79,4,13
2024-12-07,Saturday,12,December,4,49,1,0,General OPD,7,119,74,78,4,4,12,78,48.3,65.5,2062.17,69,4,12
2024-12-08,Sunday,12,December,4,49,1,0,Medicine,9,135,80,89,4,7,20,89,40.6,65.9,2160.43,80,5,13
2024-12-09,Monday,12,December,4,50,0,0,General OPD,7,126,121,130,5,8,22,130,80.6,103.2,4006.9,125,9,13
2024-12-10,Tuesday,12,December,4,50,0,0,Medicine,8,128,117,115,6,12,16,115,61.5,89.8,3655.16,108,6,10
2024-12-11,Wednesday,12,December,4,50,0,0,Medicine,8,144,142,152,4,10,24,152,84.0,105.6,5170.78,135,8,13
2024-12-12,Thursday,12,December,4,50,0,0,Pediatrics,7,126,123,134,5,6,22,134,85.6,106.3,4727.78,124,9,13
2024-12-13,Friday,12,December,4,50,0,0,Pediatrics,6,96,101,101,4,6,10,101,80.4,105.2,3064.8,91,6,11
2024-12-14,Saturday,12,December,4,50,1,0,General OPD,8,136,79,73,5,6,5,73,44.6,53.7,2311.74,66,3,14
2024-12-15,Sunday,12,December,4,50,1,0,General OPD,8,144,78,89,3,6,20,89,45.4,61.8,2577.89,87,5,14
2024-12-16,Monday,12,December,4,51,0,0,Surgical OPD,8,144,79,89,4,4,18,89,49.5,61.8,2879.06,85,5,13
2024-12-17,Tuesday,12,December,4,51,0,0,Medicine,8,136,132,139,6,11,24,139,79.3,102.2,4986.49,132,7,11
2024-12-18,Wednesday,12,December,4,51,0,0,Surgical OPD,7,112,110,124,5,9,28,124,89.3,110.7,4018.17,112,7,13
2024-12-19,Thursday,12,December,4,51,0,0,General OPD,8,120,98,96,5,6,9,96,53.5,80.0,3518.72,86,5,10
2024-12-20,Friday,12,December,4,51,0,0,Medicine,7,119,106,98,6,11,9,98,61.6,82.4,3509.1,95,4,12
2024-12-21,Saturday,12,December,4,51,1,0,Surgical OPD,8,120,51,57,3,3,12,57,41.4,47.5,2156.36,50,3,11
2024-12-22,Sunday,12,December,4,51,1,0,General OPD,8,120,84,96,5,5,22,96,47.4,80.0,3121.63,88,4,13
2024-12-23,Monday,12,December,4,52,0,0,General OPD,7,119,119,142,7,5,35,142,96.8,119.3,4241.58,129,5,11
2024-12-24,Tuesday,12,December,4,52,0,0,Medicine,7,126,136,139,7,13,23,139,86.7,110.3,4793.41,130,9,9
2024-12-25,Wednesday,12,December,4,52,0,1,Pediatrics,8,120,85,88,4,6,13,88,51.0,73.3,2684.74,80,2,12
2024-12-26,Thursday,12,December,4,52,0,0,Medicine,8,120,116,117,5,7,13,117,72.8,97.5,4020.05,107,5,14
2024-12-27,Friday,12,December,4,52,0,0,General OPD,7,112,125,123,5,6,9,123,82.5,109.8,3609.9,119,11,13
2024-12-28,Saturday,12,December,4,52,1,0,Medicine,7,126,60,69,3,4,16,69,42.3,54.8,1979.36,65,4,11
2024-12-29,Sunday,12,December,4,52,1,0,General OPD,8,120,74,82,3,8,19,82,47.2,68.3,3022.99,73,5,12
2024-12-30,Monday,12,December,4,1,0,0,General OPD,9,144,132,135,10,4,17,135,72.7,93.8,3773.21,129,6,15
2024-12-31,Tuesday,12,December,4,1,0,0,General OPD,8,144,124,129,7,7,19,129,57.0,89.6,4655.48,116,7,11
2025-01-01,Wednesday,1,January,1,1,0,0,Medicine,8,136,121,118,9,12,18,118,58.4,86.8,4052.61,109,8,10
2025-01-02,Thursday,1,January,1,1,0,0,Medicine,8,136,119,115,7,11,14,115,52.6,84.6,3723.38,109,7,13
2025-01-03,Friday,1,January,1,1,0,0,Pediatrics,7,112,108,108,5,7,12,108,79.8,96.4,2638.38,98,7,11
2025-01-04,Saturday,1,January,1,1,1,0,General OPD,7,119,77,80,4,6,13,80,54.5,67.2,3035.41,73,6,9
2025-01-05,Sunday,1,January,1,1,1,0,Medicine,7,105,78,91,3,6,22,91,50.2,86.7,2571.72,87,6,12
2025-01-06,Monday,1,January,1,2,0,0,General OPD,8,144,155,154,9,11,19,154,79.6,106.9,5515.14,150,7,13
2025-01-07,Tuesday,1,January,1,2,0,0,Medicine,8,120,136,135,7,14,20,135,95.0,112.5,3946.89,126,9,12
2025-01-08,Wednesday,1,January,1,2,0,0,Pediatrics,9,135,111,111,5,9,14,111,57.3,82.2,3209.6,98,5,12
2025-01-09,Thursday,1,January,1,2,0,0,General OPD,8,136,97,95,7,9,14,95,51.6,69.9,3294.07,87,3,11
2025-01-10,Friday,1,January,1,2,0,0,Pediatrics,8,120,100,99,7,7,13,99,56.1,82.5,3381.23,91,6,10
2025-01-11,Saturday,1,January,1,2,1,0,General OPD,8,136,86,83,6,3,6,83,50.2,61.0,2275.83,76,5,10
2025-01-12,Sunday,1,January,1,2,1,0,Medicine,9,162,92,97,6,5,16,97,48.9,59.9,3661.46,90,5,15
2025-01-13,Monday,1,January,1,3,0,0,Pediatrics,8,144,124,138,5,7,26,138,68.3,95.8,4302.26,130,8,11
2025-01-14,Tuesday,1,January,1,3,0,0,General OPD,7,105,143,149,8,10,24,149,100.0,125.0,4809.08,133,6,9
2025-01-15,Wednesday,1,January,1,3,0,0,Surgical OPD,9,144,112,115,6,12,21,115,45.5,79.9,3543.34,104,7,15
2025-01-16,Thursday,1,January,1,3,0,0,General OPD,7,119,121,124,5,9,17,124,79.7,104.2,3421.03,115,8,12
2025-01-17,Friday,1,January,1,3,0,0,Pediatrics,10,170,94,92,5,7,10,92,33.1,54.1,3214.56,84,5,12
2025-01-18,Saturday,1,January,1,3,1,0,Surgical OPD,8,120,78,77,4,7,10,77,48.1,64.2,2553.18,75,3,14
2025-01-19,Sunday,1,January,1,3,1,0,Pediatrics,9,153,93,105,6,4,22,105,47.3,68.6,3021.86,97,3,12
2025-01-20,Monday,1,January,1,4,0,0,General OPD,8,136,140,143,13,8,24,143,91.1,105.1,5116.04,138,12,13
2025-01-21,Tuesday,1,January,1,4,0,0,Surgical OPD,8,128,104,111,6,6,19,111,60.1,86.7,3576.35,108,5,10
2025-01-22,Wednesday,1,January,1,4,0,0,Pediatrics,8,128,145,137,9,11,12,137,83.6,107.0,4425.85,132,9,11
2025-01-23,Thursday,1,January,1,4,0,0,General OPD,8,120,122,117,7,10,12,117,63.8,97.5,4575.41,104,5,13
2025-01-24,Friday,1,January,1,4,0,0,General OPD,9,144,116,113,8,9,14,113,47.0,78.5,2889.18,110,3,13
2025-01-25,Saturday,1,January,1,4,1,0,Medicine,8,120,80,80,4,6,10,80,51.4,66.7,2041.21,71,4,11
2025-01-26,Sunday,1,January,1,4,1,0,Pediatrics,9,162,82,88,7,5,18,88,40.9,54.3,2324.61,78,5,13
2025-01-27,Monday,1,January,1,5,0,0,Pediatrics,10,150,122,133,7,9,27,133,73.6,88.7,4449.45,123,5,12
2025-01-28,Tuesday,1,January,1,5,0,0,Surgical OPD,8,144,105,115,6,6,22,115,53.5,79.9,3514.84,103,7,14
2025-01-29,Wednesday,1,January,1,5,0,0,Medicine,9,135,119,120,9,10,20,120,62.0,88.9,3705.82,108,6,11
2025-01-30,Thursday,1,January,1,5,0,0,General OPD,9,153,114,119,6,7,18,119,46.4,77.8,3359.41,108,5,12
2025-01-31,Friday,1,January,1,5,0,0,General OPD,10,160,124,117,9,6,8,117,55.6,73.1,4523.34,106,4,14
2025-02-01,Saturday,2,February,1,5,1,0,General OPD,8,144,82,80,6,6,10,80,38.4,55.6,3200.33,76,5,12
2025-02-02,Sunday,2,February,1,5,1,0,Medicine,8,120,92,103,5,4,20,103,59.9,85.8,3666.35,93,3,13
2025-02-03,Monday,2,February,1,6,0,0,General OPD,8,128,151,145,13,14,21,145,95.7,113.3,3765.77,135,7,10
2025-02-04,Tuesday,2,February,1,6,0,0,Pediatrics,9,135,136,138,9,11,22,138,78.2,102.2,4147.23,135,9,11
2025-02-05,Wednesday,2,February,1,6,0,0,Medicine,8,128,122,123,9,9,19,123,78.9,96.1,4343.11,114,7,11
2025-02-06,Thursday,2,February,1,6,0,0,Medicine,10,160,142,144,11,6,19,144,59.4,90.0,4581.6,136,6,14
2025-02-07,Friday,2,February,1,6,0,0,General OPD,10,150,102,102,8,6,14,102,57.0,68.0,3632.11,100,7,13
2025-02-08,Saturday,2,February,1,6,1,0,Medicine,8,144,118,117,8,8,15,117,48.2,81.2,4327.98,105,4,11
2025-02-09,Sunday,2,February,1,6,1,0,General OPD,8,144,109,116,8,7,22,116,58.3,80.6,4596.94,107,6,12
2025-02-10,Monday,2,February,1,7,0,0,Medicine,9,153,144,154,11,6,27,154,75.2,100.7,4524.6,149,9,12
2025-02-11,Tuesday,2,February,1,7,0,0,General OPD,10,160,158,173,8,8,31,173,81.6,108.1,5592.25,168,10,14
2025-02-12,Wednesday,2,February,1,7,0,0,General OPD,9,153,134,136,6,9,17,136,52.8,88.9,4112.22,128,7,12
2025-02-13,Thursday,2,February,1,7,0,0,Medicine,8,136,124,135,8,6,25,135,72.8,99.3,3239.58,121,7,14
2025-02-14,Friday,2,February,1,7,0,0,General OPD,9,135,116,108,5,11,8,108,52.4,80.0,3759.09,105,5,12
2025-02-15,Saturday,2,February,1,7,1,0,General OPD,8,120,84,93,5,7,21,93,53.7,77.5,3185.6,83,4,11
2025-02-16,Sunday,2,February,1,7,1,0,Medicine,9,135,89,92,6,5,14,92,52.3,68.1,2742.77,84,6,15
2025-02-17,Monday,2,February,1,8,0,0,Medicine,8,128,125,127,8,11,21,127,70.0,99.2,3252.19,117,7,10
2025-02-18,Tuesday,2,February,1,8,0,0,Pediatrics,8,120,128,131,8,11,22,131,95.3,109.2,3990.72,121,9,12
2025-02-19,Wednesday,2,February,1,8,0,0,Medicine,10,150,127,126,7,10,16,126,53.1,84.0,4400.49,121,7,15
2025-02-20,Thursday,2,February,1,8,0,0,Pediatrics,8,128,115,114,8,8,15,114,64.4,89.1,4257.82,109,7,14
2025-02-21,Friday,2,February,1,8,0,0,General OPD,8,128,142,135,7,9,9,135,82.3,105.5,3935.21,129,9,10
2025-02-22,Saturday,2,February,1,8,1,0,General OPD,9,162,82,82,3,5,8,82,39.8,50.6,2987.32,72,3,12
2025-02-23,Sunday,2,February,1,8,1,0,General OPD,9,135,100,106,6,5,17,106,53.5,78.5,3655.93,99,6,11
2025-02-24,Monday,2,February,1,9,0,0,Surgical OPD,9,135,127,132,10,12,27,132,67.5,97.8,4442.19,126,7,15
2025-02-25,Tuesday,2,February,1,9,0,0,Pediatrics,9,135,143,146,9,9,21,146,83.2,108.1,3916.57,135,7,12
2025-02-26,Wednesday,2,February,1,9,0,0,General OPD,9,162,153,157,8,11,23,157,64.4,96.9,4238.94,153,11,11
2025-02-27,Thursday,2,February,1,9,0,0,Pediatrics,9,135,144,137,10,8,11,137,74.1,101.5,3928.73,132,8,14
2025-02-28,Friday,2,February,1,9,0,0,Surgical OPD,8,144,121,111,9,8,7,111,50.4,77.1,3407.08,105,6,12
2025-03-01,Saturday,3,March,1,9,1,0,General OPD,9,153,96,94,6,11,15,94,49.9,61.4,3685.08,83,2,13
2025-03-02,Sunday,3,March,1,9,1,0,Pediatrics,9,162,85,99,5,5,24,99,43.8,61.1,2905.75,94,6,15
2025-03-03,Monday,3,March,1,10,0,0,Pediatrics,8,136,137,136,10,13,22,136,72.8,100.0,4771.56,132,12,11
2025-03-04,Tuesday,3,March,1,10,0,0,Pediatrics,9,135,140,149,6,10,25,149,89.1,110.4,4491.0,137,9,12
2025-03-05,Wednesday,3,March,1,10,0,0,General OPD,10,170,149,154,8,12,25,154,64.2,90.6,5219.19,148,8,14
2025-03-06,Thursday,3,March,1,10,0,0,Medicine,9,162,146,140,7,14,15,140,55.0,86.4,4444.73,128,7,11
2025-03-07,Friday,3,March,1,10,0,0,Surgical OPD,10,160,112,107,9,8,12,107,50.1,66.9,3499.77,100,6,13
2025-03-08,Saturday,3,March,1,10,1,0,Pediatrics,9,153,79,83,6,5,15,83,41.5,54.2,2778.71,78,4,14
2025-03-09,Sunday,3,March,1,10,1,0,Medicine,8,136,111,116,8,7,20,116,53.7,85.3,3596.25,110,7,13
2025-03-10,Monday,3,March,1,11,0,0,Surgical OPD,9,135,119,120,6,8,15,120,58.6,88.9,4019.74,116,9,12
2025-03-11,Tuesday,3,March,1,11,0,0,Medicine,9,162,140,138,11,14,23,138,61.2,85.2,5097.12,125,8,12
2025-03-12,Wednesday,3,March,1,11,0,0,General OPD,10,170,146,147,12,6,19,147,55.8,86.5,4260.58,133,7,14
2025-03-13,Thursday,3,March,1,11,0,0,Pediatrics,10,170,138,134,10,6,12,134,54.8,78.8,4923.62,127,5,16
2025-03-14,Friday,3,March,1,11,0,0,Pediatrics,9,153,118,117,8,5,12,117,46.0,76.5,3619.88,105,5,13
2025-03-15,Saturday,3,March,1,11,1,0,Pediatrics,9,153,94,90,7,5,8,90,50.0,58.8,2746.44,83,4,15
2025-03-16,Sunday,3,March,1,11,1,0,Medicine,9,144,96,92,7,8,11,92,43.8,63.9,3201.44,81,3,14
2025-03-17,Monday,3,March,1,12,0,0,Surgical OPD,8,144,138,137,11,11,21,137,70.9,95.1,4197.04,122,9,14
2025-03-18,Tuesday,3,March,1,12,0,0,Surgical OPD,9,135,117,126,9,7,25,126,65.4,93.3,4192.86,119,8,13
2025-03-19,Wednesday,3,March,1,12,0,0,Pediatrics,10,150,135,135,9,9,18,135,64.4,90.0,4441.9,129,6,13
2025-03-20,Thursday,3,March,1,12,0,0,General OPD,9,144,156,150,9,8,11,150,82.5,104.2,3549.91,134,6,15
2025-03-21,Friday,3,March,1,12,0,0,Surgical OPD,10,180,127,121,8,7,9,121,47.5,67.2,4074.11,109,7,14
2025-03-22,Saturday,3,March,1,12,1,0,Medicine,9,153,98,98,7,8,15,98,37.5,64.1,2571.09,87,3,14
2025-03-23,Sunday,3,March,1,12,1,1,General OPD,9,144,87,98,5,8,24,98,54.1,68.1,2600.97,90,5,15
2025-03-24,Monday,3,March,1,13,0,0,Surgical OPD,9,162,128,137,7,8,24,137,55.4,84.6,4584.82,122,6,14
2025-03-25,Tuesday,3,March,1,13,0,0,Medicine,9,153,148,151,10,14,27,151,75.2,98.7,5156.1,139,10,14
2025-03-26,Wednesday,3,March,1,13,0,0,Pediatrics,9,144,148,138,12,13,15,138,73.2,95.8,5081.19,132,9,11
2025-03-27,Thursday,3,March,1,13,0,0,Pediatrics,9,162,132,125,9,13,15,125,50.5,77.2,3455.32,119,5,15
2025-03-28,Friday,3,March,1,13,0,0,General OPD,10,150,124,124,8,8,16,124,57.8,82.7,3600.33,113,8,14
2025-03-29,Saturday,3,March,1,13,1,0,General OPD,9,135,102,92,7,10,7,92,44.9,68.1,3114.89,87,4,15
2025-03-30,Sunday,3,March,1,13,1,0,General OPD,8,144,109,104,7,12,14,104,52.4,72.2,3837.3,101,6,14
2025-03-31,Monday,3,March,1,14,0,0,Medicine,8,120,158,166,7,10,25,166,100.0,125.0,5439.6,152,11,13
2025-04-01,Tuesday,4,April,2,14,0,0,General OPD,9,162,144,146,11,10,23,146,60.5,90.1,4159.25,133,11,14
2025-04-02,Wednesday,4,April,2,14,0,0,General OPD,9,153,150,146,11,8,15,146,69.5,95.4,5551.75,137,8,14
2025-04-03,Thursday,4,April,2,14,0,0,General OPD,9,162,140,132,9,7,8,132,49.4,81.5,4085.47,119,4,14
2025-04-04,Friday,4,April,2,14,0,0,Pediatrics,9,153,126,127,10,6,17,127,56.9,83.0,3946.55,120,6,13
2025-04-05,Saturday,4,April,2,14,1,0,Surgical OPD,9,144,81,75,7,4,5,75,43.5,52.1,1969.25,72,5,12
2025-04-06,Sunday,4,April,2,14,1,0,General OPD,9,162,141,140,11,10,20,140,59.7,86.4,4885.49,130,7,11
2025-04-07,Monday,4,April,2,15,0,0,General OPD,9,144,166,166,9,10,19,166,100.0,115.3,5878.13,157,11,14
2025-04-08,Tuesday,4,April,2,15,0,0,Medicine,10,150,172,175,10,13,26,175,95.4,116.7,5105.92,165,10,15
2025-04-09,Wednesday,4,April,2,15,0,0,Pediatrics,10,170,172,160,14,13,15,160,67.5,94.1,6240.77,141,4,12
2025-04-10,Thursday,4,April,2,15,0,0,General OPD,8,144,128,139,6,8,25,139,64.8,96.5,4121.56,125,6,13
2025-04-11,Friday,4,April,2,15,0,0,Pediatrics,9,144,130,127,8,9,14,127,68.1,88.2,4381.63,123,7,12
2025-04-12,Saturday,4,April,2,15,1,0,General OPD,9,153,136,133,10,8,15,133,51.1,86.9,4374.98,130,5,15
2025-04-13,Sunday,4,April,2,15,1,0,General OPD,9,153,107,109,5,7,14,109,51.2,71.2,2604.86,104,4,11
2025-04-14,Monday,4,April,2,16,0,0,Pediatrics,10,150,146,148,10,8,20,148,70.3,98.7,5057.99,144,8,14
2025-04-15,Tuesday,4,April,2,16,0,0,General OPD,9,135,149,148,12,10,21,148,87.3,109.6,5004.84,135,8,11
2025-04-16,Wednesday,4,April,2,16,0,0,Surgical OPD,8,136,125,137,6,8,26,137,69.3,100.7,3416.02,124,8,11
2025-04-17,Thursday,4,April,2,16,0,0,General OPD,9,153,166,160,14,8,16,160,85.2,104.6,6096.21,147,9,13
2025-04-18,Friday,4,April,2,16,0,0,Pediatrics,9,162,149,143,8,12,14,143,55.6,88.3,4838.08,127,8,15
2025-04-19,Saturday,4,April,2,16,1,0,Pediatrics,9,153,104,103,8,8,15,103,54.1,67.3,3806.63,99,5,14
2025-04-20,Sunday,4,April,2,16,1,0,General OPD,10,180,102,106,7,9,20,106,39.9,58.9,2664.37,104,6,12
2025-04-21,Monday,4,April,2,17,0,0,Medicine,9,153,149,146,10,8,15,146,74.1,95.4,4432.31,141,11,13
2025-04-22,Tuesday,4,April,2,17,0,0,General OPD,9,135,158,170,8,10,30,170,100.0,125.0,6242.81,159,12,11
2025-04-23,Wednesday,4,April,2,17,0,0,Surgical OPD,8,144,148,141,12,11,16,141,69.3,97.9,3627.48,128,7,14
2025-04-24,Thursday,4,April,2,17,0,0,General OPD,9,144,166,159,12,10,15,159,88.0,110.4,4845.61,143,8,11
2025-04-25,Friday,4,April,2,17,0,0,General OPD,10,150,149,142,13,12,18,142,64.1,94.7,4774.89,130,8,14
2025-04-26,Saturday,4,April,2,17,1,0,General OPD,9,162,121,126,6,10,21,126,48.6,77.8,3077.13,119,6,12
2025-04-27,Sunday,4,April,2,17,1,0,Surgical OPD,7,126,90,97,6,7,20,97,48.5,77.0,2591.3,90,6,11
2025-04-28,Monday,4,April,2,18,0,0,Pediatrics,9,144,159,152,11,15,19,152,83.6,105.6,5704.31,148,6,11
2025-04-29,Tuesday,4,April,2,18,0,0,Pediatrics,10,180,149,149,10,12,22,149,55.3,82.8,4803.64,144,8,16
2025-04-30,Wednesday,4,April,2,18,0,0,General OPD,9,153,168,164,12,12,20,164,84.3,107.2,6019.92,146,10,14
2025-05-01,Thursday,5,May,2,18,0,1,Medicine,8,128,103,105,7,7,16,105,53.3,82.0,3436.48,94,5,13
2025-05-02,Friday,5,May,2,18,0,0,General OPD,8,120,142,127,13,9,7,127,85.0,105.8,5311.6,120,7,14
2025-05-03,Saturday,5,May,2,18,1,0,Surgical OPD,9,135,93,100,6,5,18,100,56.6,74.1,3375.49,90,5,11
2025-05-04,Sunday,5,May,2,18,1,0,General OPD,8,136,119,128,4,5,18,128,70.5,94.1,4746.13,123,6,14
2025-05-05,Monday,5,May,2,19,0,0,General OPD,7,105,171,165,11,13,18,165,100.0,125.0,5117.58,155,12,9
2025-05-06,Tuesday,5,May,2,19,0,0,General OPD,9,162,183,172,15,16,20,172,76.6,106.2,5648.98,155,11,13
2025-05-07,Wednesday,5,May,2,19,0,0,Pediatrics,10,180,160,161,9,10,20,161,51.9,89.4,5565.36,149,6,13
2025-05-08,Thursday,5,May,2,19,0,0,Pediatrics,8,136,145,132,8,14,9,132,71.1,97.1,4650.52,122,9,10
2025-05-09,Friday,5,May,2,19,0,0,General OPD,10,150,142,140,8,10,16,140,56.7,93.3,4458.17,135,7,15
2025-05-10,Saturday,5,May,2,19,1,0,Medicine,9,135,98,103,5,4,14,103,51.3,76.3,3297.13,91,5,14
2025-05-11,Sunday,5,May,2,19,1,0,Pediatrics,10,170,113,119,7,10,23,119,56.5,70.0,4046.91,115,9,13
2025-05-12,Monday,5,May,2,20,0,0,Pediatrics,9,144,144,145,11,9,21,145,70.1,100.7,4930.73,137,11,11
2025-05-13,Tuesday,5,May,2,20,0,0,Pediatrics,9,135,141,135,12,12,18,135,68.6,100.0,3766.47,129,6,12
2025-05-14,Wednesday,5,May,2,20,0,0,General OPD,9,144,152,153,5,8,14,153,85.9,106.2,5033.68,135,7,13
2025-05-15,Thursday,5,May,2,20,0,0,Pediatrics,8,120,134,129,8,10,13,129,70.3,107.5,4293.52,122,6,11
2025-05-16,Friday,5,May,2,20,0,0,General OPD,10,150,158,149,11,9,11,149,76.0,99.3,4186.11,140,11,14
2025-05-17,Saturday,5,May,2,20,1,0,General OPD,8,120,122,116,8,9,11,116,78.2,96.7,4132.35,108,6,13
2025-05-18,Sunday,5,May,2,20,1,0,Medicine,8,120,119,117,10,10,18,117,67.5,97.5,3937.16,112,5,12
2025-05-19,Monday,5,May,2,21,0,0,Surgical OPD,9,162,149,150,6,12,19,150,60.5,92.6,6198.39,140,10,11
2025-05-20,Tuesday,5,May,2,21,0,0,General OPD,8,128,182,186,6,13,23,186,100.0,125.0,5932.65,180,14,10
2025-05-21,Wednesday,5,May,2,21,0,0,General OPD,9,144,170,164,15,8,17,164,86.5,113.9,5993.29,148,14,11
2025-05-22,Thursday,5,May,2,21,0,0,Pediatrics,10,150,145,140,10,12,17,140,70.7,93.3,4781.91,134,9,12
2025-05-23,Friday,5,May,2,21,0,0,General OPD,9,135,146,136,8,13,11,136,70.4,100.7,5397.26,122,8,15
2025-05-24,Saturday,5,May,2,21,1,0,General OPD,7,112,134,136,9,7,18,136,100.0,121.4,3824.33,131,10,11
2025-05-25,Sunday,5,May,2,21,1,0,General OPD,9,162,141,144,9,8,20,144,64.4,88.9,4322.7,140,7,11
2025-05-26,Monday,5,May,2,22,0,0,Medicine,9,153,154,154,8,14,22,154,76.1,100.7,4351.6,141,11,12
2025-05-27,Tuesday,5,May,2,22,0,0,Medicine,8,136,158,158,10,11,21,158,100.0,116.2,5006.76,147,12,11
2025-05-28,Wednesday,5,May,2,22,0,0,General OPD,9,144,145,140,10,8,13,140,76.7,97.2,3850.15,132,6,15
2025-05-29,Thursday,5,May,2,22,0,0,General OPD,9,135,137,135,12,10,20,135,76.8,100.0,3495.91,120,9,13
2025-05-30,Friday,5,May,2,22,0,0,General OPD,8,120,157,146,11,9,9,146,92.8,121.7,3426.08,136,8,12
2025-05-31,Saturday,5,May,2,22,1,0,Medicine,9,162,97,95,8,7,13,95,40.9,58.6,2204.96,87,7,13
2025-06-01,Sunday,6,June,2,22,1,0,General OPD,9,153,116,122,5,7,18,122,59.3,79.7,4224.32,118,9,15
2025-06-02,Monday,6,June,2,23,0,0,General OPD,9,162,170,169,10,11,20,169,73.9,104.3,5100.12,164,8,13
2025-06-03,Tuesday,6,June,2,23,0,0,Medicine,8,136,149,154,9,13,27,154,87.7,113.2,4168.01,146,10,12
2025-06-04,Wednesday,6,June,2,23,0,0,General OPD,9,144,161,164,6,5,14,164,87.3,113.9,4815.64,155,12,11
2025-06-05,Thursday,6,June,2,23,0,0,Medicine,7,119,136,137,10,11,22,137,95.9,115.1,4094.71,131,8,11
2025-06-06,Friday,6,June,2,23,0,0,General OPD,7,126,150,142,10,13,15,142,95.7,112.7,3996.11,130,7,9
2025-06-07,Saturday,6,June,2,23,1,0,General OPD,9,162,122,120,7,7,12,120,56.2,74.1,4610.66,110,6,11
2025-06-08,Sunday,6,June,2,23,1,0,General OPD,9,162,127,125,7,11,16,125,48.5,77.2,4708.41,117,6,13
2025-06-09,Monday,6,June,2,24,0,0,Medicine,9,144,142,135,11,8,12,135,69.2,93.8,5177.78,131,6,12
2025-06-10,Tuesday,6,June,2,24,0,0,Medicine,8,136,184,182,9,11,18,182,100.0,125.0,5954.45,173,15,13
2025-06-11,Wednesday,6,June,2,24,0,0,Medicine,8,136,175,170,13,10,18,170,100.0,125.0,5630.72,159,9,11
2025-06-12,Thursday,6,June,2,24,0,0,General OPD,8,144,165,158,9,14,16,158,89.7,109.7,4643.55,151,10,12
2025-06-13,Friday,6,June,2,24,0,0,Medicine,8,136,122,126,8,5,17,126,71.1,92.6,3605.08,116,7,12
2025-06-14,Saturday,6,June,2,24,1,0,General OPD,9,135,95,101,6,9,21,101,40.9,74.8,3240.78,96,6,12
2025-06-15,Sunday,6,June,2,24,1,0,General OPD,8,120,105,107,9,7,18,107,62.0,89.2,3703.21,99,7,12
2025-06-16,Monday,6,June,2,25,0,0,Surgical OPD,9,135,127,133,6,10,22,133,80.2,98.5,4892.15,121,7,11
2025-06-17,Tuesday,6,June,2,25,0,0,General OPD,8,136,160,159,8,13,20,159,97.3,116.9,4740.75,150,6,14
2025-06-18,Wednesday,6,June,2,25,0,0,General OPD,8,128,176,168,7,13,12,168,100.0,125.0,4534.16,159,11,12
2025-06-19,Thursday,6,June,2,25,0,0,General OPD,9,144,151,147,7,9,12,147,74.8,102.1,5135.58,136,10,13
2025-06-20,Friday,6,June,2,25,0,0,General OPD,8,128,141,130,9,13,11,130,83.9,101.6,3214.57,122,7,11
2025-06-21,Saturday,6,June,2,25,1,0,General OPD,9,144,108,110,8,7,17,110,49.8,76.4,3502.75,104,6,11
2025-06-22,Sunday,6,June,2,25,1,0,Pediatrics,8,120,99,105,7,6,19,105,58.9,87.5,3397.51,100,6,11
2025-06-23,Monday,6,June,2,26,0,0,Pediatrics,8,120,161,160,9,14,22,160,100.0,125.0,4877.58,155,12,11
2025-06-24,Tuesday,6,June,2,26,0,0,Surgical OPD,8,144,122,127,6,9,20,127,60.8,88.2,3279.02,116,4,12
2025-06-25,Wednesday,6,June,2,26,0,0,Medicine,7,119,158,143,11,15,11,143,100.0,120.2,4366.87,139,10,9
2025-06-26,Thursday,6,June,2,26,0,0,General OPD,8,136,163,151,7,12,7,151,84.2,111.0,5824.1,143,9,12
2025-06-27,Friday,6,June,2,26,0,0,General OPD,7,112,144,134,6,9,5,134,100.0,119.6,4605.16,128,9,11
2025-06-28,Saturday,6,June,2,26,1,0,General OPD,8,120,98,98,5,7,12,98,56.7,81.7,3591.39,93,3,12
2025-06-29,Sunday,6,June,2,26,1,0,Pediatrics,7,112,102,113,3,7,21,113,72.1,100.9,3065.82,102,8,11
2025-06-30,Monday,6,June,2,27,0,0,General OPD,9,162,172,179,7,11,25,179,87.8,110.5,5911.09,159,10,15
2025-07-01,Tuesday,7,July,3,27,0,0,Pediatrics,9,153,133,137,10,11,25,137,71.1,89.5,4432.41,131,8,14
2025-07-02,Wednesday,7,July,3,27,0,0,General OPD,7,119,181,172,7,19,17,172,97.4,125.0,5578.1,160,15,9
2025-07-03,Thursday,7,July,3,27,0,0,Pediatrics,8,128,129,134,5,9,19,134,78.8,104.7,4585.93,127,9,14
2025-07-04,Friday,7,July,3,27,0,0,Pediatrics,9,162,157,147,9,9,8,147,64.6,90.7,4790.63,136,5,14
2025-07-05,Saturday,7,July,3,27,1,0,General OPD,9,153,89,95,5,6,17,95,44.1,62.1,2588.01,87,5,14
2025-07-06,Sunday,7,July,3,27,1,0,Surgical OPD,8,144,88,86,5,7,10,86,59.3,59.7,2962.96,78,5,13
2025-07-07,Monday,7,July,3,28,0,0,Medicine,8,144,137,138,4,11,16,138,72.5,95.8,4880.17,132,8,14
2025-07-08,Tuesday,7,July,3,28,0,0,General OPD,7,112,146,152,9,13,28,152,100.0,125.0,5666.24,138,13,9
2025-07-09,Wednesday,7,July,3,28,0,0,Medicine,8,120,146,145,7,12,18,145,89.3,120.8,5430.92,138,8,11
2025-07-10,Thursday,7,July,3,28,0,0,Pediatrics,8,128,113,111,8,6,12,111,60.1,86.7,3763.54,102,7,13
2025-07-11,Friday,7,July,3,28,0,0,Surgical OPD,7,105,123,126,6,8,17,126,96.2,120.0,3456.01,121,10,10
2025-07-12,Saturday,7,July,3,28,1,0,Medicine,8,144,84,93,5,4,18,93,53.5,64.6,2407.07,83,5,11
2025-07-13,Sunday,7,July,3,28,1,0,Pediatrics,8,120,104,103,7,9,15,103,55.9,85.8,3202.44,93,6,12
2025-07-14,Monday,7,July,3,29,0,0,General OPD,9,162,169,177,8,6,22,177,83.8,109.3,6314.99,168,9,12
2025-07-15,Tuesday,7,July,3,29,0,0,General OPD,8,136,166,170,10,8,22,170,100.0,125.0,6021.42,159,11,12
2025-07-16,Wednesday,7,July,3,29,0,0,Pediatrics,8,136,156,148,6,10,8,148,90.9,108.8,4898.21,133,10,10
2025-07-17,Thursday,7,July,3,29,0,0,Pediatrics,8,136,140,130,8,11,9,130,71.6,95.6,4140.99,126,7,10
2025-07-18,Friday,7,July,3,29,0,0,General OPD,10,160,157,153,10,10,16,153,78.3,95.6,6061.09,139,9,14
2025-07-19,Saturday,7,July,3,29,1,0,General OPD,6,96,94,93,5,6,10,93,70.0,96.9,3189.54,86,6,8
2025-07-20,Sunday,7,July,3,29,1,0,Medicine,7,126,90,96,7,6,19,96,56.6,76.2,3038.49,86,3,12
2025-07-21,Monday,7,July,3,30,0,0,Surgical OPD,9,153,126,132,7,9,22,132,62.3,86.3,3883.21,121,7,11
2025-07-22,Tuesday,7,July,3,30,0,0,Pediatrics,7,112,123,138,6,6,27,138,100.0,123.2,3859.25,128,12,11
2025-07-23,Wednesday,7,July,3,30,0,0,General OPD,8,136,165,156,14,9,14,156,90.8,114.7,4301.19,142,9,13
2025-07-24,Thursday,7,July,3,30,0,0,General OPD,8,128,138,131,10,13,16,131,80.2,102.3,3663.55,125,6,11
2025-07-25,Friday,7,July,3,30,0,0,General OPD,9,135,154,149,5,12,12,149,87.5,110.4,4935.45,137,8,12
2025-07-26,Saturday,7,July,3,30,1,0,Surgical OPD,7,105,84,84,3,7,10,84,53.4,80.0,2681.93,80,3,10
2025-07-27,Sunday,7,July,3,30,1,0,General OPD,8,136,114,116,4,8,14,116,52.6,85.3,3560.78,104,6,12
2025-07-28,Monday,7,July,3,31,0,0,Pediatrics,9,162,132,137,8,9,22,137,45.5,84.6,4787.59,126,7,12
2025-07-29,Tuesday,7,July,3,31,0,0,General OPD,7,112,172,173,10,13,24,173,100.0,125.0,6787.95,152,11,9
2025-07-30,Wednesday,7,July,3,31,0,0,Pediatrics,8,128,156,153,9,13,19,153,100.0,119.5,4392.11,146,10,11
2025-07-31,Thursday,7,July,3,31,0,0,Medicine,7,105,144,142,4,13,15,142,99.5,125.0,4161.01,134,10,13
2025-08-01,Friday,8,August,3,31,0,0,Medicine,8,120,125,121,5,9,10,121,79.6,100.8,2798.95,116,8,14
2025-08-02,Saturday,8,August,3,31,1,0,General OPD,7,126,94,93,4,8,11,93,57.6,73.8,2966.2,86,3,10
2025-08-03,Sunday,8,August,3,31,1,0,General OPD,6,108,121,128,3,4,14,128,100.0,118.5,4030.66,123,9,9
2025-08-04,Monday,8,August,3,32,0,0,General OPD,8,144,189,184,7,17,19,184,100.0,125.0,6545.09,174,15,14
2025-08-05,Tuesday,8,August,3,32,0,0,Surgical OPD,8,136,126,134,8,8,24,134,69.5,98.5,4241.47,118,6,11
2025-08-06,Wednesday,8,August,3,32,0,0,Medicine,8,120,120,128,4,10,22,128,80.6,106.7,3794.89,116,8,13
2025-08-07,Thursday,8,August,3,32,0,0,Pediatrics,8,136,138,131,9,8,10,131,74.7,96.3,4292.97,122,9,14
2025-08-08,Friday,8,August,3,32,0,0,Pediatrics,9,135,119,115,7,6,9,115,58.9,85.2,3936.25,108,5,13
2025-08-09,Saturday,8,August,3,32,1,0,Medicine,7,105,106,103,5,8,10,103,86.6,98.1,2629.5,91,6,13
2025-08-10,Sunday,8,August,3,32,1,0,General OPD,7,112,104,112,4,5,17,112,66.8,100.0,4035.09,106,6,9
2025-08-11,Monday,8,August,3,33,0,0,Surgical OPD,7,105,134,131,8,9,14,131,100.0,124.8,4876.5,122,10,12
2025-08-12,Tuesday,8,August,3,33,0,0,General OPD,7,105,166,168,6,10,18,168,96.6,125.0,5743.89,157,10,11
2025-08-13,Wednesday,8,August,3,33,0,0,General OPD,6,102,142,141,5,10,14,141,100.0,125.0,3984.91,128,9,9
2025-08-14,Thursday,8,August,3,33,0,1,Pediatrics,7,105,102,104,5,9,16,104,79.1,99.0,3192.37,98,4,9
2025-08-15,Friday,8,August,3,33,0,0,General OPD,6,102,106,109,2,7,12,109,90.8,106.9,4003.73,96,7,8
2025-08-16,Saturday,8,August,3,33,1,0,General OPD,8,144,90,91,3,7,11,91,47.4,63.2,2555.93,81,5,13
2025-08-17,Sunday,8,August,3,33,1,0,Medicine,6,90,105,105,4,9,13,105,86.3,116.7,3624.03,100,7,10
2025-08-18,Monday,8,August,3,34,0,0,General OPD,7,105,122,128,6,7,19,128,100.0,121.9,4070.0,117,9,9
2025-08-19,Tuesday,8,August,3,34,0,0,Pediatrics,7,119,137,144,5,8,20,144,100.0,121.0,4700.27,132,9,11
2025-08-20,Wednesday,8,August,3,34,0,0,General OPD,7,126,136,143,6,13,26,143,86.8,113.5,4097.94,129,6,11
2025-08-21,Thursday,8,August,3,34,0,0,General OPD,7,112,130,137,3,9,19,137,100.0,122.3,4565.2,127,10,9
2025-08-22,Friday,8,August,3,34,0,0,General OPD,8,144,124,116,7,10,9,116,47.9,80.6,3832.21,103,6,12
2025-08-23,Saturday,8,August,3,34,1,0,General OPD,7,119,84,87,4,7,14,87,47.8,73.1,2258.74,79,5,12
2025-08-24,Sunday,8,August,3,34,1,0,Medicine,8,144,99,110,5,5,21,110,56.9,76.4,3518.04,103,5,10
2025-08-25,Monday,8,August,3,35,0,0,General OPD,9,153,149,150,8,9,18,150,75.9,98.0,5168.34,139,12,14
2025-08-26,Tuesday,8,August,3,35,0,0,Pediatrics,7,119,135,134,6,11,16,134,83.8,112.6,4081.49,131,8,12
2025-08-27,Wednesday,8,August,3,35,0,0,Pediatrics,7,112,142,143,6,5,12,143,100.0,125.0,3175.9,131,8,11
2025-08-28,Thursday,8,August,3,35,0,0,Medicine,7,105,135,138,8,9,20,138,100.0,125.0,4352.62,127,7,11
2025-08-29,Friday,8,August,3,35,0,0,Surgical OPD,7,119,102,102,5,6,11,102,58.3,85.7,3862.32,95,6,9
2025-08-30,Saturday,8,August,3,35,1,0,Medicine,7,119,94,95,4,9,14,95,50.6,79.8,2909.1,85,7,10
2025-08-31,Sunday,8,August,3,35,1,0,General OPD,7,112,81,86,4,6,15,86,54.9,76.8,3243.46,83,5,9
2025-09-01,Monday,9,September,3,36,0,0,General OPD,7,119,147,142,7,14,16,142,98.9,119.3,4082.58,133,10,12
2025-09-02,Tuesday,9,September,3,36,0,0,General OPD,6,90,141,143,6,10,18,143,93.4,125.0,3911.92,129,11,10
2025-09-03,Wednesday,9,September,3,36,0,0,Pediatrics,7,112,106,108,5,7,14,108,67.6,96.4,3453.8,104,7,12
2025-09-04,Thursday,9,September,3,36,0,0,General OPD,8,120,125,131,4,8,18,131,83.5,109.2,3760.97,116,9,14
2025-09-05,Friday,9,September,3,36,0,0,Pediatrics,7,105,132,138,4,8,18,138,100.0,125.0,4598.08,135,12,13
2025-09-06,Saturday,9,September,3,36,1,0,Pediatrics,7,112,61,64,3,7,13,64,47.2,57.1,1952.62,62,3,12
2025-09-07,Sunday,9,September,3,36,1,0,General OPD,6,102,110,107,5,9,11,107,72.8,104.9,4054.84,100,5,9
2025-09-08,Monday,9,September,3,37,0,0,Medicine,6,90,127,136,7,7,23,136,100.0,125.0,4111.73,121,10,9
2025-09-09,Tuesday,9,September,3,37,0,0,General OPD,8,120,162,162,8,19,27,162,100.0,125.0,5242.15,146,11,10
2025-09-10,Wednesday,9,September,3,37,0,0,General OPD,7,105,131,140,5,9,23,140,100.0,125.0,4813.95,127,7,9
2025-09-11,Thursday,9,September,3,37,0,0,Medicine,8,120,109,110,6,8,15,110,61.6,91.7,3940.78,99,5,10
2025-09-12,Friday,9,September,3,37,0,0,Pediatrics,8,128,111,106,6,10,11,106,55.0,82.8,4019.37,99,5,12
2025-09-13,Saturday,9,September,3,37,1,0,Medicine,8,128,78,83,4,4,13,83,52.9,64.8,2578.03,81,5,11
2025-09-14,Sunday,9,September,3,37,1,0,Pediatrics,7,126,79,92,4,5,22,92,51.4,73.0,2797.05,85,6,12
2025-09-15,Monday,9,September,3,38,0,0,General OPD,7,126,170,170,7,17,24,170,100.0,125.0,4138.54,161,13,13
2025-09-16,Tuesday,9,September,3,38,0,0,Medicine,7,105,117,123,6,8,20,123,94.0,117.1,4940.52,117,9,10
2025-09-17,Wednesday,9,September,3,38,0,0,Medicine,7,119,112,116,4,10,18,116,77.1,97.5,3879.49,112,6,10
2025-09-18,Thursday,9,September,3,38,0,0,Medicine,7,105,140,137,7,9,13,137,99.8,125.0,4795.99,121,12,10
2025-09-19,Friday,9,September,3,38,0,0,General OPD,6,102,124,115,9,8,8,115,86.9,112.7,3935.64,106,7,8
2025-09-20,Saturday,9,September,3,38,1,0,Pediatrics,5,75,72,79,4,7,18,79,74.9,105.3,2543.65,76,4,9
2025-09-21,Sunday,9,September,3,38,1,0,General OPD,6,108,90,94,3,7,14,94,59.8,87.0,3139.73,90,4,11
2025-09-22,Monday,9,September,3,39,0,0,General OPD,7,126,142,151,5,9,23,151,100.0,119.8,4493.96,147,10,9
2025-09-23,Tuesday,9,September,3,39,0,0,Surgical OPD,8,136,113,120,5,7,19,120,58.6,88.2,3694.99,114,7,12
2025-09-24,Wednesday,9,September,3,39,0,0,General OPD,7,105,123,126,7,7,17,126,94.7,120.0,3553.1,114,6,10
2025-09-25,Thursday,9,September,3,39,0,0,Surgical OPD,7,119,98,99,4,9,14,99,63.6,83.2,3784.67,92,4,11
2025-09-26,Friday,9,September,3,39,0,0,Pediatrics,7,126,103,104,4,9,14,104,57.4,82.5,3561.58,92,5,9
2025-09-27,Saturday,9,September,3,39,1,0,General OPD,8,120,94,98,3,5,12,98,56.2,81.7,3910.66,93,4,11
2025-09-28,Sunday,9,September,3,39,1,0,Pediatrics,8,120,91,92,4,7,12,92,51.6,76.7,3789.07,86,4,10
2025-09-29,Monday,9,September,3,40,0,0,Medicine,8,136,115,123,5,8,21,123,66.3,90.4,3245.16,116,8,13
2025-09-30,Tuesday,9,September,3,40,0,0,Medicine,6,96,136,138,7,10,19,138,100.0,125.0,4959.85,134,7,9
2025-10-01,Wednesday,10,October,4,40,0,0,Medicine,7,119,124,134,7,8,25,134,88.3,112.6,3560.13,127,9,11
2025-10-02,Thursday,10,October,4,40,0,0,Medicine,8,144,110,106,8,10,14,106,49.6,73.6,3467.23,97,6,10
2025-10-03,Friday,10,October,4,40,0,0,Medicine,7,126,124,121,3,9,9,121,64.9,96.0,4024.33,109,6,13
2025-10-04,Saturday,10,October,4,40,1,0,Medicine,7,126,82,93,4,6,21,93,45.5,73.8,2497.17,90,5,11
2025-10-05,Sunday,10,October,4,40,1,0,General OPD,7,126,85,96,4,5,20,96,50.8,76.2,2788.79,86,5,11
2025-10-06,Monday,10,October,4,41,0,0,Pediatrics,6,108,126,132,3,8,17,132,100.0,122.2,4414.27,118,9,9
2025-10-07,Tuesday,10,October,4,41,0,0,General OPD,6,96,120,118,7,14,19,118,98.5,122.9,3859.21,106,9,10
2025-10-08,Wednesday,10,October,4,41,0,0,Surgical OPD,7,105,122,125,6,12,21,125,100.0,119.0,3490.81,116,6,9
2025-10-09,Thursday,10,October,4,41,0,0,Surgical OPD,9,153,101,104,5,7,15,104,44.6,68.0,3037.62,93,4,15
2025-10-10,Friday,10,October,4,41,0,0,General OPD,7,119,101,105,2,10,16,105,51.3,88.2,2733.6,102,5,12
2025-10-11,Saturday,10,October,4,41,1,0,Medicine,6,108,77,77,3,7,10,77,52.8,71.3,2093.5,75,4,12
2025-10-12,Sunday,10,October,4,41,1,0,Surgical OPD,8,136,74,87,2,5,20,87,54.9,64.0,2654.75,85,4,10
2025-10-13,Monday,10,October,4,42,0,0,General OPD,8,144,144,138,10,8,12,138,65.5,95.8,4961.07,122,8,11
2025-10-14,Tuesday,10,October,4,42,0,0,Pediatrics,8,128,132,134,8,11,21,134,73.0,104.7,4885.23,131,7,10
2025-10-15,Wednesday,10,October,4,42,0,0,Surgical OPD,7,112,98,104,3,8,17,104,68.4,92.9,4090.71,102,5,11
2025-10-16,Thursday,10,October,4,42,0,0,General OPD,8,120,96,101,2,6,13,101,51.3,84.2,3403.4,98,5,11
2025-10-17,Friday,10,October,4,42,0,0,Medicine,8,128,123,119,6,10,12,119,68.9,93.0,3897.62,113,7,13
2025-10-18,Saturday,10,October,4,42,1,0,General OPD,7,112,88,97,5,4,18,97,64.0,86.6,3296.12,92,6,12
2025-10-19,Sunday,10,October,4,42,1,0,Surgical OPD,6,90,33,42,1,2,12,42,40.7,46.7,1425.57,37,2,8
2025-10-20,Monday,10,October,4,43,0,0,Surgical OPD,6,102,111,113,4,6,12,113,92.5,110.8,2885.34,109,6,10
2025-10-21,Tuesday,10,October,4,43,0,0,Surgical OPD,7,126,104,114,3,5,18,114,67.2,90.5,4509.33,101,5,12
2025-10-22,Wednesday,10,October,4,43,0,0,Pediatrics,8,144,113,123,6,7,23,123,61.7,85.4,2985.98,112,8,14
2025-10-23,Thursday,10,October,4,43,0,0,Medicine,7,119,107,103,4,8,8,103,58.5,86.6,3769.29,101,4,10
2025-10-24,Friday,10,October,4,43,0,0,Medicine,7,105,120,118,5,7,10,118,94.4,112.4,3802.61,109,7,13
2025-10-25,Saturday,10,October,4,43,1,0,General OPD,6,102,76,84,4,4,16,84,55.9,82.4,2321.93,75,5,11
2025-10-26,Sunday,10,October,4,43,1,0,Medicine,7,112,73,82,2,6,17,82,52.9,73.2,2798.29,80,4,12
2025-10-27,Monday,10,October,4,44,0,0,General OPD,6,90,108,119,3,11,25,119,100.0,125.0,3751.77,116,7,8
2025-10-28,Tuesday,10,October,4,44,0,0,Pediatrics,8,120,146,139,9,12,14,139,96.0,115.8,4068.51,125,9,10
2025-10-29,Wednesday,10,October,4,44,0,0,General OPD,8,120,132,129,8,13,18,129,76.9,107.5,3415.16,125,6,11
2025-10-30,Thursday,10,October,4,44,0,0,General OPD,8,144,98,104,5,9,20,104,49.5,72.2,2718.35,96,3,10
2025-10-31,Friday,10,October,4,44,0,0,General OPD,6,102,98,95,5,6,8,95,64.8,93.1,2807.85,87,6,10
2025-11-01,Saturday,11,November,4,44,1,0,Medicine,8,120,81,86,5,7,17,86,48.9,71.7,2618.88,78,3,11
2025-11-02,Sunday,11,November,4,44,1,0,General OPD,7,105,110,113,5,8,16,113,89.3,107.6,3068.83,100,7,11
2025-11-03,Monday,11,November,4,45,0,0,Medicine,6,90,131,137,5,12,23,137,100.0,125.0,4405.09,124,9,8
2025-11-04,Tuesday,11,November,4,45,0,0,General OPD,6,102,129,141,6,9,27,141,100.0,125.0,3909.57,125,9,9
2025-11-05,Wednesday,11,November,4,45,0,0,General OPD,7,126,115,122,7,7,21,122,64.0,96.8,4079.79,119,7,12
2025-11-06,Thursday,11,November,4,45,0,0,Pediatrics,7,112,127,121,6,12,12,121,85.5,108.0,4467.99,114,8,13
2025-11-07,Friday,11,November,4,45,0,0,Medicine,7,126,106,108,4,8,14,108,54.4,85.7,3581.01,105,5,12
2025-11-08,Saturday,11,November,4,45,1,0,General OPD,6,90,80,81,4,5,10,81,63.6,90.0,2561.6,77,5,10
2025-11-09,Sunday,11,November,4,45,1,0,Pediatrics,8,144,84,93,4,5,18,93,46.5,64.6,2777.02,83,3,13
2025-11-10,Monday,11,November,4,46,0,0,Surgical OPD,7,126,101,106,5,6,16,106,61.9,84.1,4005.15,103,7,12
2025-11-11,Tuesday,11,November,4,46,0,0,Pediatrics,7,112,121,130,6,7,22,130,96.5,116.1,4059.37,126,12,13
2025-11-12,Wednesday,11,November,4,46,0,0,General OPD,8,136,123,135,4,8,24,135,71.4,99.3,5664.72,123,8,14
2025-11-13,Thursday,11,November,4,46,0,0,General OPD,6,102,117,116,6,9,14,116,85.2,113.7,3163.07,103,9,11
2025-11-14,Friday,11,November,4,46,0,0,Medicine,6,108,110,114,5,8,17,114,81.8,105.6,3780.2,108,9,12
2025-11-15,Saturday,11,November,4,46,1,0,General OPD,8,144,66,85,2,4,25,85,44.3,59.0,3200.33,81,4,13
2025-11-16,Sunday,11,November,4,46,1,0,Medicine,9,153,86,90,5,8,17,90,43.1,58.8,2631.55,87,5,12
2025-11-17,Monday,11,November,4,47,0,0,Pediatrics,7,119,116,130,5,4,23,130,90.4,109.2,4037.22,115,6,12
2025-11-18,Tuesday,11,November,4,47,0,0,Surgical OPD,7,112,100,113,3,8,24,113,69.2,100.9,3899.02,101,5,9
2025-11-19,Wednesday,11,November,4,47,0,0,Medicine,7,105,119,127,4,8,20,127,97.4,121.0,4261.05,119,9,13
2025-11-20,Thursday,11,November,4,47,0,0,Surgical OPD,7,126,112,119,5,6,18,119,68.3,94.4,4074.42,112,5,13
2025-11-21,Friday,11,November,4,47,0,0,General OPD,7,119,118,114,6,9,11,114,67.0,95.8,4177.08,101,7,11
2025-11-22,Saturday,11,November,4,47,1,0,Medicine,7,126,70,72,3,5,10,72,41.9,57.1,2204.13,66,4,11
2025-11-23,Sunday,11,November,4,47,1,0,General OPD,8,144,96,94,4,9,11,94,47.1,65.3,3548.32,88,6,10
2025-11-24,Monday,11,November,4,48,0,0,Pediatrics,7,119,114,120,4,10,20,120,79.4,100.8,3014.39,114,7,13
2025-11-25,Tuesday,11,November,4,48,0,0,Pediatrics,7,112,131,135,8,13,25,135,100.0,120.5,4901.82,123,10,13
2025-11-26,Wednesday,11,November,4,48,0,0,Medicine,6,108,121,121,8,7,15,121,80.2,112.0,4427.25,112,8,10
2025-11-27,Thursday,11,November,4,48,0,0,Surgical OPD,7,112,99,99,7,9,16,99,57.5,88.4,2861.31,95,6,11
2025-11-28,Friday,11,November,4,48,0,0,Medicine,7,119,108,108,6,6,12,108,66.0,90.8,2829.33,105,7,12
2025-11-29,Saturday,11,November,4,48,1,0,General OPD,8,120,85,85,5,6,11,85,53.7,70.8,2641.06,77,3,14
2025-11-30,Sunday,11,November,4,48,1,0,Pediatrics,8,120,90,92,2,6,10,92,56.6,76.7,3092.6,83,4,14
2025-12-01,Monday,12,December,4,49,0,0,Medicine,8,144,133,141,7,11,26,141,77.9,97.9,4323.0,137,12,13
2025-12-02,Tuesday,12,December,4,49,0,0,General OPD,6,102,127,136,5,10,24,136,100.0,125.0,4625.06,125,9,12
2025-12-03,Wednesday,12,December,4,49,0,0,General OPD,6,96,110,127,7,6,30,127,100.0,125.0,5048.37,121,6,8
2025-12-04,Thursday,12,December,4,49,0,0,General OPD,8,144,122,129,2,10,19,129,56.9,89.6,3423.81,121,5,12
2025-12-05,Friday,12,December,4,49,0,0,General OPD,6,102,128,130,7,8,17,130,95.4,125.0,3143.87,118,8,10
2025-12-06,Saturday,12,December,4,49,1,0,General OPD,8,136,72,71,3,4,6,71,34.4,52.2,2252.32,67,3,12
2025-12-07,Sunday,12,December,4,49,1,0,General OPD,7,112,99,96,6,7,10,96,53.6,85.7,2810.82,91,4,10
2025-12-08,Monday,12,December,4,50,0,0,General OPD,9,162,115,123,8,5,21,123,45.4,75.9,3699.69,116,9,11
2025-12-09,Tuesday,12,December,4,50,0,0,General OPD,8,136,141,140,6,12,17,140,77.2,102.9,5189.47,125,7,10
2025-12-10,Wednesday,12,December,4,50,0,0,Surgical OPD,7,119,110,114,4,8,16,114,67.4,95.8,3593.0,112,8,12
2025-12-11,Thursday,12,December,4,50,0,0,Pediatrics,9,153,116,127,6,8,25,127,60.0,83.0,4049.27,117,7,12
2025-12-12,Friday,12,December,4,50,0,0,General OPD,7,112,119,119,9,8,17,119,77.9,106.2,3600.08,112,7,13
2025-12-13,Saturday,12,December,4,50,1,0,Medicine,7,126,74,72,4,7,9,72,44.4,57.1,2292.83,70,3,9
2025-12-14,Sunday,12,December,4,50,1,0,General OPD,7,126,88,84,3,9,8,84,45.9,66.7,2778.22,77,5,10
2025-12-15,Monday,12,December,4,51,0,0,Surgical OPD,7,126,122,122,5,12,17,122,66.0,96.8,5262.88,117,4,10
2025-12-16,Tuesday,12,December,4,51,0,0,Medicine,8,144,128,132,7,9,20,132,61.0,91.7,4371.66,129,9,10
2025-12-17,Wednesday,12,December,4,51,0,0,General OPD,8,120,128,132,7,7,18,132,77.2,110.0,4837.9,121,8,13
2025-12-18,Thursday,12,December,4,51,0,0,General OPD,8,120,134,128,6,10,10,128,87.1,106.7,4191.44,118,8,11
2025-12-19,Friday,12,December,4,51,0,0,Medicine,7,126,115,118,5,9,17,118,74.1,93.7,2818.88,115,7,11
2025-12-20,Saturday,12,December,4,51,1,0,Surgical OPD,8,128,61,64,2,5,10,64,39.2,50.0,1902.83,57,2,11
2025-12-21,Sunday,12,December,4,51,1,0,Pediatrics,7,105,97,104,6,7,20,104,73.9,99.0,3444.03,92,6,13
2025-12-22,Monday,12,December,4,52,0,0,Pediatrics,8,136,142,149,6,8,21,149,85.5,109.6,5199.16,145,11,10
2025-12-23,Tuesday,12,December,4,52,0,0,General OPD,9,135,131,143,6,8,26,143,78.3,105.9,4696.25,138,8,15
2025-12-24,Wednesday,12,December,4,52,0,0,Surgical OPD,8,136,114,120,5,7,18,120,63.8,88.2,4281.77,117,8,13
2025-12-25,Thursday,12,December,4,52,0,1,General OPD,9,162,81,82,3,7,11,82,42.4,50.6,2145.12,73,4,13
2025-12-26,Friday,12,December,4,52,0,0,Surgical OPD,9,135,95,93,4,8,10,93,34.4,68.9,2994.15,83,5,11
2025-12-27,Saturday,12,December,4,52,1,0,Pediatrics,9,144,67,68,5,5,11,68,34.1,47.2,2537.21,61,3,12
2025-12-28,Sunday,12,December,4,52,1,0,Pediatrics,8,120,106,119,4,8,25,119,63.7,99.2,3345.54,113,9,12
2025-12-29,Monday,12,December,4,1,0,0,Pediatrics,7,105,136,146,6,5,21,146,100.0,125.0,5326.43,137,10,10
2025-12-30,Tuesday,12,December,4,1,0,0,General OPD,8,120,143,153,6,6,22,153,100.0,125.0,5550.17,140,11,13
